temperature,humidity,rainfall,wind_speed,pressure,disaster_type
30.2,70,0.0,19.4,1010.0,Normal
33.2,53,0.05,4.3,1004.0,Normal
27.0,53,0.0,9.4,1019.0,Normal
30.4,66,0.0,15.1,1008.0,Normal
28.2,50,0.0,4.3,1012.0,Normal
20.5,61,0.0,15.8,1016.0,Normal
34.5,42,0.0,5.0,1011.0,Normal
30.2,70,0.0,14.4,1009.0,Normal
28.3,58,0.0,25.6,1015.0,Normal
30.3,55,0.0,3.6,1015.0,Normal
33.0,47,0.0,15.1,1013.0,Normal
27.6,55,0.0,6.8,1013.0,Normal
25.1,57,0.0,15.5,1009.0,Normal
32.4,67,0.45,3.6,1013.0,Normal
23.6,54,0.0,11.2,1017.0,Normal
27.1,66,0.0,21.6,1011.0,Normal
20.4,68,0.0,23.0,1014.0,Normal
23.2,41,0.0,12.6,1023.0,Normal
22.1,69,0.0,19.1,1026.0,Normal
24.4,34,0.0,8.3,1015.0,Normal
30.4,40,0.0,41.0,1012.0,Normal
30.0,40,0.0,19.8,1021.0,Normal
24.2,44,0.0,10.1,1025.0,Normal
22.1,57,1.84,3.6,1023.0,Normal
33.5,60,0.0,12.6,1003.0,Normal
30.7,66,0.96,7.6,1007.0,Normal
26.1,48,0.0,24.5,1008.0,Normal
31.0,43,0.0,7.2,1016.0,Normal
28.5,55,0.07,7.6,1014.0,Normal
22.5,58,0.0,3.6,1013.0,Normal
31.3,55,0.0,13.7,1011.0,Normal
30.2,33,0.0,41.0,1015.0,Normal
21.1,49,0.0,10.1,1028.0,Normal
29.3,31,0.0,11.5,1022.0,Normal
25.7,69,0.1,3.6,1003.0,Normal
33.1,59,0.37,4.3,1007.0,Normal
27.9,64,0.0,25.6,1003.0,Normal
34.1,47,0.0,6.1,1011.0,Normal
26.9,63,0.0,11.5,1010.0,Normal
21.3,33,0.0,12.6,1015.0,Normal
28.3,70,0.01,14.0,1008.0,Normal
29.4,70,0.01,20.2,1014.0,Normal
21.2,64,0.06,14.8,1027.0,Normal
28.1,66,0.02,18.0,1010.0,Normal
27.0,58,0.0,37.1,1015.0,Normal
26.3,51,1.52,9.0,1013.0,Normal
32.3,67,0.48,9.4,1007.0,Normal
21.2,62,0.01,7.2,1018.0,Normal
26.2,54,0.0,16.9,1019.0,Normal
26.6,31,0.0,15.1,1014.0,Normal
26.3,38,0.0,19.4,1018.0,Normal
31.1,66,1.88,3.6,1010.0,Normal
25.3,51,0.0,5.0,1016.0,Normal
30.1,62,0.01,6.8,1011.0,Normal
28.3,42,0.0,9.4,1021.0,Normal
25.2,61,0.0,11.9,1009.0,Normal
34.6,53,0.0,11.5,997.0,Normal
22.1,65,0.0,3.6,1018.0,Normal
31.2,49,0.0,6.8,1009.0,Normal
31.4,41,0.0,37.1,1007.0,Normal
31.1,49,0.0,14.4,1016.0,Normal
23.5,36,0.0,22.3,1021.0,Normal
22.3,61,0.0,5.8,1014.0,Normal
30.4,38,0.0,4.3,1010.0,Normal
24.2,61,0.0,3.6,1021.0,Normal
30.1,40,0.0,9.7,1009.0,Normal
27.3,37,0.0,8.3,1019.0,Normal
22.3,69,0.0,21.6,1017.0,Normal
30.1,70,0.0,8.6,1007.0,Normal
25.8,44,0.0,7.9,1015.0,Normal
29.1,31,0.0,16.2,1020.0,Normal
24.2,65,0.0,11.9,1017.0,Normal
32.6,58,0.22,11.5,1008.0,Normal
26.2,56,0.0,5.0,1006.0,Normal
32.6,64,0.09,28.1,1002.0,Normal
21.1,46,0.0,16.6,1014.0,Normal
23.3,51,0.0,15.8,1012.0,Normal
26.4,58,0.0,22.0,1018.0,Normal
25.4,47,0.0,15.1,1014.0,Normal
30.1,31,0.0,25.9,1006.0,Normal
30.1,70,0.06,28.1,1016.0,Normal
27.1,58,0.01,5.8,1019.0,Normal
21.8,50,0.0,6.8,1023.0,Normal
24.2,31,0.0,8.6,1023.0,Normal
24.2,36,0.0,5.0,1010.0,Normal
28.2,48,0.0,11.2,1012.0,Normal
32.2,38,0.0,5.8,1009.0,Normal
28.3,66,0.02,31.7,1018.0,Normal
28.1,62,0.0,14.4,1007.0,Normal
21.2,40,0.0,8.3,1020.0,Normal
26.1,65,0.17,7.2,1017.0,Normal
21.4,64,0.01,20.2,1018.0,Normal
30.4,59,0.0,12.6,1009.0,Normal
22.2,63,0.0,10.8,1015.0,Normal
29.8,45,0.0,12.2,1014.0,Normal
27.5,65,0.0,13.3,1010.0,Normal
26.4,70,0.34,19.8,1013.0,Normal
29.3,62,0.0,16.9,1019.0,Normal
29.4,70,0.0,17.3,1013.0,Normal
30.3,59,0.0,20.2,1010.0,Normal
23.3,41,0.0,14.0,1020.0,Normal
29.1,40,0.0,3.6,1020.0,Normal
29.4,66,0.41,6.1,1010.0,Normal
28.4,42,0.0,9.0,1014.0,Normal
21.3,44,0.0,8.3,1015.0,Normal
20.2,58,0.39,9.0,1014.0,Normal
25.9,37,0.0,14.8,1020.0,Normal
27.5,51,0.0,3.6,1017.0,Normal
31.3,50,0.0,5.8,1013.0,Normal
27.4,44,0.0,6.8,1012.0,Normal
29.0,55,0.0,12.6,1010.0,Normal
29.0,48,0.0,11.2,1010.0,Normal
26.2,65,0.03,7.2,1021.0,Normal
21.7,42,0.0,10.8,1020.0,Normal
31.2,43,0.0,6.8,1014.0,Normal
20.4,41,0.0,3.6,1014.0,Normal
21.2,64,0.0,20.5,1026.0,Normal
32.2,49,0.0,6.8,1009.0,Normal
34.6,47,0.0,5.0,1006.0,Normal
21.4,44,0.0,17.6,1017.0,Normal
27.3,70,0.0,7.6,1014.0,Normal
21.1,69,0.0,7.6,1014.0,Normal
27.1,34,0.0,11.5,1009.0,Normal
26.2,51,0.0,15.1,1014.0,Normal
24.5,56,0.0,9.7,1014.0,Normal
21.3,64,0.0,4.0,1022.0,Normal
24.1,61,0.0,4.3,1020.0,Normal
29.2,48,0.0,13.0,1013.0,Normal
20.3,53,0.0,11.2,1023.0,Normal
27.1,51,0.01,25.9,1010.0,Normal
26.6,69,0.0,11.5,1016.0,Normal
32.1,56,0.82,11.5,1008.0,Normal
26.3,61,0.0,3.6,1008.0,Normal
25.2,51,0.0,6.1,1021.0,Normal
23.0,69,0.0,6.8,1021.0,Normal
29.3,40,0.0,17.3,1013.0,Normal
29.1,62,0.0,28.1,1013.0,Normal
20.0,60,0.01,27.7,1027.0,Normal
26.9,46,0.01,4.3,1011.0,Normal
31.4,31,0.0,3.6,1015.0,Normal
28.8,70,0.0,18.0,1016.0,Normal
26.5,63,0.0,22.0,1011.0,Normal
23.3,36,0.01,10.1,1016.0,Normal
25.3,39,0.0,19.4,1005.0,Normal
25.4,65,0.0,5.8,1018.0,Normal
29.3,37,0.0,7.6,1013.0,Normal
28.4,70,0.38,10.1,1009.0,Normal
24.1,57,0.0,14.8,1024.0,Normal
22.3,35,0.0,13.3,1014.0,Normal
28.6,39,0.0,13.0,1016.0,Normal
22.7,60,0.54,14.4,1014.0,Normal
27.3,37,0.0,29.9,1020.0,Normal
24.1,54,0.0,4.7,1023.0,Normal
25.6,42,0.0,6.5,1013.0,Normal
23.3,57,0.0,12.6,1025.0,Normal
30.1,55,0.0,24.1,1012.0,Normal
28.2,50,0.0,10.1,1016.0,Normal
30.1,55,0.05,11.2,1015.0,Normal
21.3,43,0.0,13.0,1012.0,Normal
23.1,53,0.0,15.8,1023.0,Normal
29.6,33,0.0,19.1,1009.0,Normal
25.4,34,0.0,11.5,1020.0,Normal
24.2,31,0.0,14.0,1019.0,Normal
25.9,62,0.0,21.2,1018.0,Normal
25.1,32,0.0,8.6,1018.0,Normal
31.2,49,0.0,9.4,1012.0,Normal
22.0,31,0.0,11.9,1019.0,Normal
28.2,66,0.0,28.8,1014.0,Normal
30.1,66,0.0,4.0,1011.0,Normal
29.3,62,0.0,4.0,1009.0,Normal
34.1,44,0.0,13.7,1008.0,Normal
30.1,52,0.0,15.1,1013.0,Normal
24.4,39,0.0,13.0,1016.0,Normal
22.9,62,0.35,3.6,1011.0,Normal
32.6,57,0.0,18.7,1001.0,Normal
31.3,63,0.0,9.7,1010.0,Normal
27.3,47,0.0,29.2,1010.0,Normal
24.0,54,0.0,13.0,1014.0,Normal
30.7,38,0.0,23.8,1010.0,Normal
24.3,61,0.0,25.6,1015.0,Normal
28.3,48,0.0,3.6,1020.0,Normal
29.6,66,0.0,4.3,1012.0,Normal
31.4,66,0.01,11.2,1009.0,Normal
28.4,48,0.0,14.4,1012.0,Normal
22.0,69,0.0,20.2,1005.0,Normal
22.2,61,0.0,4.7,1018.0,Normal
31.8,38,0.0,14.8,1015.0,Normal
24.2,57,0.0,15.1,1019.0,Normal
21.3,35,0.0,6.8,1015.0,Normal
22.2,61,0.0,12.6,1022.0,Normal
23.1,53,0.0,6.8,1018.0,Normal
25.0,44,0.0,4.7,1017.0,Normal
33.1,56,1.16,5.0,1012.0,Normal
20.2,64,0.0,10.8,1026.0,Normal
29.0,40,0.0,42.8,1014.0,Normal
24.3,57,0.0,15.8,1022.0,Normal
21.4,57,0.0,14.8,1013.0,Normal
28.1,35,0.0,29.9,1014.0,Normal
25.2,47,0.0,3.6,1015.0,Normal
30.1,66,0.0,9.4,1014.0,Normal
27.8,45,0.08,4.7,1007.0,Normal
28.8,62,0.0,23.4,1012.0,Normal
30.0,66,2.19,5.4,1016.0,Normal
20.4,56,0.0,7.6,1027.0,Normal
33.0,63,0.0,28.1,1011.0,Normal
21.3,64,0.0,32.0,1012.0,Normal
22.7,69,0.04,23.8,1018.0,Normal
25.4,61,0.0,5.4,1018.0,Normal
26.4,61,0.0,6.8,1010.0,Normal
32.3,65,0.0,20.2,1004.0,Normal
33.8,53,0.01,11.5,1003.0,Normal
32.3,63,0.0,9.4,1008.0,Normal
21.1,46,0.0,18.7,1024.0,Normal
31.1,55,0.0,16.9,1017.0,Normal
28.2,55,0.0,29.9,1015.0,Normal
32.4,67,0.0,9.0,1011.0,Normal
27.2,48,0.0,17.6,1014.0,Normal
33.4,56,0.0,12.6,1006.0,Normal
24.1,57,0.0,9.4,1018.0,Normal
21.1,60,0.0,25.6,1025.0,Normal
30.0,33,0.0,11.2,1017.0,Normal
23.3,31,0.0,18.7,1026.0,Normal
21.2,43,0.0,9.0,1022.0,Normal
26.2,70,0.0,7.2,1016.0,Normal
20.4,49,0.0,16.9,1032.0,Normal
24.3,47,0.0,4.7,1024.0,Normal
25.0,65,0.01,11.2,1017.0,Normal
30.4,46,0.0,6.1,1011.0,Normal
32.3,41,0.0,14.0,1015.0,Normal
29.3,43,0.02,10.8,1005.0,Normal
20.0,68,0.16,40.0,1015.0,Normal
34.0,41,0.3,6.1,1015.0,Normal
30.0,46,0.0,3.6,1016.0,Normal
25.8,50,0.04,13.0,1015.0,Normal
28.3,42,0.0,5.8,1010.0,Normal
27.9,67,0.0,4.0,1017.0,Normal
30.7,36,0.0,4.0,1008.0,Normal
25.0,65,0.42,11.2,1007.0,Normal
25.4,54,0.01,3.6,1022.0,Normal
26.3,51,0.0,15.1,1012.0,Normal
28.3,64,0.13,13.3,1010.0,Normal
35.0,60,0.0,6.8,997.0,Normal
34.1,47,0.0,27.4,1007.0,Normal
32.0,56,0.0,11.5,1011.0,Normal
21.0,53,0.71,25.9,1014.0,Normal
24.7,60,0.0,10.8,1018.0,Normal
28.0,42,0.0,8.6,1015.0,Normal
25.0,36,0.0,14.4,1018.0,Normal
29.3,66,0.02,10.8,1013.0,Normal
24.4,68,0.03,17.6,1017.0,Normal
23.1,61,0.6,7.2,1024.0,Normal
20.6,61,0.52,11.9,1002.0,Normal
27.0,57,0.0,6.8,1011.0,Normal
28.4,42,0.0,9.0,1017.0,Normal
21.4,56,0.0,19.4,1023.0,Normal
25.3,67,0.02,7.2,1015.0,Normal
34.3,34,0.0,6.5,1011.0,Normal
22.4,65,0.0,9.0,1020.0,Normal
29.5,61,0.07,19.4,1013.0,Normal
30.4,33,0.0,12.2,1009.0,Normal
28.1,66,0.0,14.8,1009.0,Normal
33.1,63,0.0,10.4,1005.0,Normal
25.2,41,0.0,9.4,1013.0,Normal
24.0,69,0.0,7.9,1015.0,Normal
28.3,45,0.0,9.0,1012.0,Normal
30.3,55,0.98,14.8,1012.0,Normal
22.5,53,0.0,9.0,1016.0,Normal
23.0,57,0.0,11.5,1010.0,Normal
23.3,61,0.0,8.3,1025.0,Normal
33.3,53,0.0,10.8,1014.0,Normal
23.2,44,0.0,10.4,1024.0,Normal
27.1,37,0.0,7.6,1011.0,Normal
31.4,66,0.0,3.6,1012.0,Normal
28.3,48,0.0,19.1,1016.0,Normal
30.1,59,0.02,22.7,1012.0,Normal
24.4,57,0.0,29.2,1014.0,Normal
22.0,57,0.0,3.6,1025.0,Normal
29.1,66,0.02,33.1,1013.0,Normal
28.2,58,0.0,14.0,1014.0,Normal
29.4,43,0.0,3.6,1012.0,Normal
25.1,50,0.0,6.5,1014.0,Normal
26.0,51,0.0,9.4,1015.0,Normal
27.6,55,0.0,23.8,1015.0,Normal
26.8,33,0.0,20.2,1004.0,Normal
24.5,65,0.0,5.0,1014.0,Normal
33.1,55,0.05,8.6,1004.0,Normal
24.3,65,0.0,13.0,1017.0,Normal
21.0,46,0.0,3.6,1028.0,Normal
25.3,61,0.07,15.1,1019.0,Normal
24.2,65,0.0,3.6,1015.0,Normal
28.1,66,0.01,25.9,1019.0,Normal
28.5,67,0.0,9.0,1008.0,Normal
21.3,53,0.0,19.1,1021.0,Normal
26.1,34,0.0,14.0,1010.0,Normal
26.6,39,0.0,18.0,1006.0,Normal
33.3,41,0.0,22.0,1009.0,Normal
33.2,56,0.0,15.5,1008.0,Normal
26.2,48,0.0,16.9,1021.0,Normal
31.1,52,0.0,4.7,1012.0,Normal
27.2,64,0.56,5.8,1012.0,Normal
25.2,47,0.0,18.0,1016.0,Normal
25.6,62,0.0,10.4,1010.0,Normal
25.0,65,0.02,16.2,1019.0,Normal
29.4,66,0.0,21.2,1015.0,Normal
30.9,49,0.0,6.8,1009.0,Normal
32.1,30,0.0,9.7,1012.0,Normal
26.0,63,0.0,20.9,1021.0,Normal
29.7,41,0.2,10.4,1014.0,Normal
30.2,49,0.0,11.5,1014.0,Normal
30.3,52,0.0,11.2,1014.0,Normal
20.3,35,0.0,6.5,1016.0,Normal
26.3,32,0.0,8.6,1024.0,Normal
21.1,69,0.05,25.9,1018.0,Normal
26.1,30,0.0,15.5,1011.0,Normal
20.3,60,0.0,5.8,1023.0,Normal
30.2,52,0.0,9.4,1010.0,Normal
31.0,55,0.0,6.1,1015.0,Normal
26.1,54,0.0,3.6,1017.0,Normal
31.2,33,0.0,32.4,1014.0,Normal
28.4,70,0.0,5.0,1012.0,Normal
29.1,58,0.0,20.2,1010.0,Normal
26.1,30,0.0,19.4,1023.0,Normal
22.4,57,0.0,8.3,1026.0,Normal
29.3,37,0.0,6.1,1013.0,Normal
31.3,63,0.0,15.1,1009.0,Normal
23.4,37,0.0,20.9,1011.0,Normal
28.4,70,0.0,5.4,1017.0,Normal
31.5,36,0.0,10.8,1014.0,Normal
20.0,64,0.01,15.1,1012.0,Normal
33.3,44,0.0,9.4,1006.0,Normal
30.3,62,0.27,3.6,1007.0,Normal
30.0,70,0.05,4.3,1011.0,Normal
29.3,70,0.0,31.3,1016.0,Normal
23.7,46,0.0,7.9,1005.0,Normal
32.0,63,0.5,33.1,1004.0,Normal
25.8,37,0.0,4.0,1015.0,Normal
29.7,51,0.0,14.4,1013.0,Normal
27.2,30,0.0,19.8,1021.0,Normal
25.3,54,0.0,19.1,1020.0,Normal
24.3,54,0.0,3.6,1017.0,Normal
26.3,35,0.0,5.4,1013.0,Normal
29.4,70,0.0,20.2,1009.0,Normal
28.4,58,0.0,19.4,1011.0,Normal
23.0,38,0.0,15.5,1011.0,Normal
26.5,52,0.0,11.2,1020.0,Normal
24.3,38,0.0,10.1,1022.0,Normal
32.1,56,0.0,9.7,1008.0,Normal
32.6,39,0.0,6.8,1011.0,Normal
25.2,57,0.0,21.2,1015.0,Normal
25.2,47,0.0,6.1,1023.0,Normal
20.3,68,0.0,10.1,1020.0,Normal
22.3,65,0.0,6.1,1019.0,Normal
26.1,70,0.0,11.2,1011.0,Normal
22.1,53,0.0,5.8,1014.0,Normal
28.2,62,0.0,13.7,1017.0,Normal
22.1,50,0.0,18.4,1029.0,Normal
29.1,45,0.0,11.5,1014.0,Normal
22.3,65,0.0,15.1,1020.0,Normal
24.0,40,0.0,13.0,1018.0,Normal
21.1,60,0.02,15.5,1016.0,Normal
28.2,32,0.0,10.1,1015.0,Normal
31.4,50,0.01,15.5,1007.0,Normal
30.3,38,0.0,16.9,1013.0,Normal
27.2,58,0.0,14.0,1021.0,Normal
25.1,65,0.03,24.8,1022.0,Normal
25.2,61,0.0,13.7,1020.0,Normal
28.8,66,0.04,8.6,1013.0,Normal
20.2,56,0.0,13.0,1014.0,Normal
30.3,70,0.01,22.7,1012.0,Normal
21.3,64,0.0,21.2,1022.0,Normal
22.1,41,0.0,22.0,1015.0,Normal
30.0,35,0.0,10.1,1011.0,Normal
29.2,66,0.04,23.0,1014.0,Normal
22.4,53,0.0,31.0,1020.0,Normal
25.4,44,0.0,3.6,1017.0,Normal
30.3,52,0.0,22.0,1012.0,Normal
28.1,51,0.0,13.0,1017.0,Normal
31.3,33,0.0,28.1,1017.0,Normal
32.1,67,0.23,25.9,1011.0,Normal
23.2,65,0.0,22.3,1012.0,Normal
21.0,64,0.0,17.6,1012.0,Normal
25.3,69,0.0,7.2,1017.0,Normal
20.1,35,0.0,6.1,1022.0,Normal
28.8,43,0.0,12.6,1011.0,Normal
21.3,40,0.51,5.4,1012.0,Normal
33.6,51,0.0,9.0,1008.0,Normal
25.4,69,0.0,14.0,1012.0,Normal
30.2,66,0.0,10.1,1014.0,Normal
26.0,48,0.0,3.6,1014.0,Normal
25.4,65,0.0,14.0,1005.0,Normal
30.2,66,0.0,14.0,1012.0,Normal
24.4,47,0.0,19.1,1020.0,Normal
21.4,60,0.68,16.9,1014.0,Normal
23.4,61,0.0,4.7,1014.0,Normal
32.1,67,0.0,8.3,1009.0,Normal
34.5,40,0.0,20.2,1004.0,Normal
23.3,68,0.0,3.6,1011.0,Normal
29.0,45,0.0,3.6,1010.0,Normal
22.2,65,0.33,5.4,1022.0,Normal
33.0,59,0.0,9.0,1007.0,Normal
20.2,46,0.0,5.8,1014.0,Normal
28.1,30,0.0,19.8,1012.0,Normal
29.0,69,0.0,10.1,1006.0,Normal
30.3,66,0.01,9.0,1011.0,Normal
20.3,68,0.0,11.9,1020.0,Normal
32.2,67,0.0,12.6,1011.0,Normal
29.2,40,0.0,20.2,1013.0,Normal
32.3,36,0.01,15.1,1006.0,Normal
32.1,32,0.0,20.2,1006.0,Normal
26.0,45,0.02,16.9,1015.0,Normal
28.2,62,0.0,17.3,1013.0,Normal
28.4,70,0.08,22.3,1014.0,Normal
22.2,46,0.0,7.9,1027.0,Normal
20.4,37,0.0,4.3,1019.0,Normal
22.5,31,0.0,11.9,1018.0,Normal
28.0,45,0.0,15.1,1015.0,Normal
27.1,39,0.0,20.9,1024.0,Normal
30.4,70,0.0,18.7,1008.0,Normal
24.3,50,0.0,13.3,1022.0,Normal
25.3,61,0.0,6.1,1011.0,Normal
25.1,61,0.0,9.4,1018.0,Normal
29.3,70,0.0,20.2,1014.0,Normal
29.4,37,0.0,11.5,1015.0,Normal
21.4,56,0.0,23.0,1020.0,Normal
24.1,57,0.0,15.8,1018.0,Normal
24.1,65,0.0,11.9,1013.0,Normal
26.3,48,0.0,14.8,1020.0,Normal
28.3,66,0.0,11.2,1016.0,Normal
21.0,52,0.0,27.7,1007.0,Normal
34.3,63,0.0,9.0,994.0,Normal
26.0,58,0.86,15.1,1012.0,Normal
28.2,47,0.0,19.1,1016.0,Normal
20.2,69,0.0,7.2,1015.0,Normal
31.1,63,0.03,25.9,1009.0,Normal
23.0,57,0.0,24.1,999.0,Normal
30.0,70,0.17,11.2,1015.0,Normal
25.8,69,0.0,32.0,1011.0,Normal
33.9,54,0.0,11.9,1002.0,Normal
25.1,57,0.0,5.8,1011.0,Normal
34.4,53,0.0,14.4,1008.0,Normal
32.1,56,0.0,11.5,1013.0,Normal
26.0,30,0.0,25.2,1015.0,Normal
21.0,69,0.07,14.8,1012.0,Normal
26.3,70,0.0,7.6,1013.0,Normal
22.1,46,0.0,19.1,1013.0,Normal
21.2,69,0.0,8.3,1016.0,Normal
26.2,37,0.0,6.1,1023.0,Normal
20.8,36,0.0,18.4,1013.0,Normal
26.3,60,0.0,17.3,1015.0,Normal
21.5,32,0.0,12.6,1018.0,Normal
23.4,37,0.0,21.6,1016.0,Normal
20.1,67,0.0,6.5,1021.0,Normal
29.9,34,0.0,8.3,1009.0,Normal
31.1,41,0.0,5.0,1014.0,Normal
27.9,67,0.96,28.8,1012.0,Normal
33.3,48,0.05,8.3,1007.0,Normal
23.6,42,0.0,7.9,1009.0,Normal
28.2,69,0.0,5.8,1008.0,Normal
27.2,32,0.0,3.6,1009.0,Normal
26.0,37,0.0,18.0,1011.0,Normal
32.3,59,0.15,3.6,1008.0,Normal
31.1,36,0.0,5.4,1017.0,Normal
28.3,48,0.0,9.7,1014.0,Normal
22.0,50,0.0,5.0,1021.0,Normal
20.4,60,0.0,24.1,1010.0,Normal
21.0,50,0.0,11.9,1023.0,Normal
29.0,70,0.01,10.4,1015.0,Normal
25.9,49,0.0,14.4,1015.0,Normal
20.0,64,0.0,14.4,1014.0,Normal
22.0,57,0.21,11.2,1016.0,Normal
32.1,41,0.0,5.0,1012.0,Normal
21.5,49,0.0,4.0,1014.0,Normal
31.1,63,0.04,15.1,1017.0,Normal
32.0,67,0.07,3.6,1012.0,Normal
30.3,55,0.0,7.6,1008.0,Normal
21.5,45,0.0,6.8,1015.0,Normal
21.2,53,0.0,16.9,1002.0,Normal
20.8,36,0.0,11.2,1021.0,Normal
20.2,68,0.01,8.6,1014.0,Normal
30.0,60,0.0,23.4,1012.0,Normal
21.1,31,0.0,13.7,1014.0,Normal
24.1,31,0.0,24.1,1007.0,Normal
25.1,51,0.27,9.4,1019.0,Normal
23.3,65,0.0,5.4,1021.0,Normal
21.2,53,0.0,6.5,1034.0,Normal
23.4,52,0.0,21.6,1014.0,Normal
28.7,67,0.26,8.6,1005.0,Normal
23.2,61,0.0,8.3,1015.0,Normal
23.2,61,0.0,16.6,1011.0,Normal
21.1,38,0.0,24.1,1014.0,Normal
21.4,60,0.0,27.7,1013.0,Normal
28.7,69,0.08,9.0,1012.0,Normal
27.4,62,0.09,9.7,1019.0,Normal
24.2,36,0.04,5.0,1018.0,Normal
33.1,47,0.0,18.4,1009.0,Normal
32.4,46,0.0,12.2,1010.0,Normal
26.5,63,0.0,4.3,1008.0,Normal
29.2,57,1.56,23.4,1010.0,Normal
27.4,70,0.01,36.4,1016.0,Normal
24.2,36,0.16,13.7,1007.0,Normal
20.2,35,0.0,9.4,1028.0,Normal
31.8,50,0.0,12.6,1012.0,Normal
28.0,42,0.0,5.4,1013.0,Normal
26.4,56,0.24,19.4,1015.0,Normal
31.3,55,0.0,6.5,1012.0,Normal
33.5,43,0.0,9.7,1008.0,Normal
32.2,63,0.0,12.6,1007.0,Normal
32.2,63,0.0,18.0,1009.0,Normal
30.1,46,0.0,7.9,1011.0,Normal
27.0,66,0.0,13.0,1014.0,Normal
27.3,58,0.0,16.9,1012.0,Normal
24.3,44,0.0,49.7,1015.0,Normal
25.2,65,0.01,19.4,1022.0,Normal
33.3,49,0.0,19.8,1011.0,Normal
26.5,62,0.0,7.2,1013.0,Normal
29.2,70,0.0,10.4,1011.0,Normal
22.2,41,0.0,12.6,1011.0,Normal
27.2,58,0.0,11.2,1020.0,Normal
24.1,50,0.0,36.7,1015.0,Normal
22.2,38,0.0,9.0,1029.0,Normal
32.1,36,0.0,3.6,1016.0,Normal
20.3,37,0.0,5.8,1020.0,Normal
34.9,39,0.0,8.6,1009.0,Normal
23.2,69,0.0,3.6,1025.0,Normal
31.1,36,0.0,3.6,1013.0,Normal
32.0,53,0.0,3.6,1014.0,Normal
26.6,39,0.0,8.6,1017.0,Normal
34.2,53,0.0,19.1,1008.0,Normal
25.2,47,0.0,11.9,1017.0,Normal
28.5,68,0.0,16.2,1012.0,Normal
21.1,31,0.02,8.6,1021.0,Normal
22.2,46,0.01,14.4,1025.0,Normal
31.4,63,0.0,17.3,1006.0,Normal
31.6,32,0.01,3.6,1003.0,Normal
25.0,39,0.0,18.4,1023.0,Normal
31.4,57,0.0,7.6,1008.0,Normal
22.1,43,0.0,23.4,1016.0,Normal
26.1,43,0.0,14.0,1014.0,Normal
24.9,49,0.0,17.3,1011.0,Normal
26.7,69,0.29,27.4,1010.0,Normal
28.1,70,0.0,30.2,1013.0,Normal
23.2,50,0.0,4.3,1028.0,Normal
29.2,70,0.0,31.0,1013.0,Normal
32.1,56,0.0,5.4,1013.0,Normal
29.2,70,0.0,21.6,1012.0,Normal
26.3,42,0.0,4.7,1015.0,Normal
28.0,48,0.0,16.2,1008.0,Normal
23.2,50,0.01,11.2,1023.0,Normal
22.4,69,0.01,20.9,1022.0,Normal
22.4,50,0.0,5.0,1017.0,Normal
32.4,63,1.44,3.6,1009.0,Normal
20.1,68,0.0,12.2,1017.0,Normal
22.3,61,0.0,13.0,1011.0,Normal
30.2,70,0.0,20.5,1002.0,Normal
32.1,63,0.0,17.6,1004.0,Normal
25.1,61,0.0,15.1,1013.0,Normal
28.3,40,0.0,9.0,1016.0,Normal
24.2,34,0.0,20.2,1014.0,Normal
32.0,67,0.19,15.1,1015.0,Normal
30.1,70,0.0,27.7,1010.0,Normal
23.2,53,0.0,19.1,1026.0,Normal
33.2,59,0.0,15.1,1008.0,Normal
26.1,45,0.0,9.4,1012.0,Normal
21.4,70,0.0,11.5,1013.0,Normal
26.0,45,0.06,3.6,1013.0,Normal
29.2,70,0.0,11.2,1012.0,Normal
22.0,65,0.0,9.7,1022.0,Normal
30.4,70,0.14,11.2,1009.0,Normal
30.3,52,0.0,8.3,1016.0,Normal
32.6,51,0.0,10.1,1010.0,Normal
33.9,39,0.0,4.3,1008.0,Normal
29.3,56,0.0,6.5,1015.0,Normal
31.0,55,0.0,19.8,1009.0,Normal
28.1,66,0.0,9.0,1017.0,Normal
22.0,68,0.64,6.8,1010.0,Normal
29.4,52,0.0,10.1,1013.0,Normal
29.2,40,0.0,9.7,1018.0,Normal
31.0,52,0.0,7.2,1010.0,Normal
29.1,40,0.0,20.2,1016.0,Normal
31.1,49,0.0,11.2,1010.0,Normal
25.2,51,0.0,3.6,1016.0,Normal
33.1,56,0.03,11.5,1008.0,Normal
29.0,62,0.0,9.4,1011.0,Normal
29.0,40,0.0,3.6,1014.0,Normal
21.2,46,0.0,25.9,1005.0,Normal
29.1,43,0.0,3.6,1014.0,Normal
27.1,70,0.0,16.9,1017.0,Normal
29.2,45,0.0,9.7,1011.0,Normal
26.3,56,0.0,9.0,1013.0,Normal
26.2,61,0.0,22.0,1019.0,Normal
32.1,59,0.0,13.0,1012.0,Normal
24.3,65,0.0,28.8,1018.0,Normal
24.2,50,0.0,9.7,1018.0,Normal
20.3,53,0.0,15.8,1025.0,Normal
26.0,54,0.0,5.8,1018.0,Normal
27.9,68,0.0,19.8,1006.0,Normal
22.1,53,0.0,13.0,1021.0,Normal
26.6,33,0.31,25.2,1007.0,Normal
23.2,65,0.0,20.2,1027.0,Normal
30.1,70,0.0,19.8,1009.0,Normal
24.2,44,0.0,9.7,1012.0,Normal
30.0,66,0.0,25.9,1008.0,Normal
33.1,63,0.0,16.9,1010.0,Normal
27.2,48,0.0,24.1,1022.0,Normal
21.0,60,0.01,12.2,1024.0,Normal
28.1,70,0.05,28.4,1012.0,Normal
31.4,31,0.0,22.7,1011.0,Normal
29.1,58,0.0,11.5,1013.0,Normal
34.0,53,0.0,16.6,1007.0,Normal
29.4,51,0.0,19.8,1013.0,Normal
33.3,41,0.0,29.9,1010.0,Normal
34.4,41,0.0,22.0,1009.0,Normal
27.0,54,0.0,16.9,1015.0,Normal
25.2,36,0.0,21.6,1025.0,Normal
29.1,62,0.0,15.1,1015.0,Normal
30.1,52,0.0,26.6,1014.0,Normal
21.3,38,0.0,16.9,1019.0,Normal
27.4,48,0.0,16.9,1010.0,Normal
25.1,54,0.0,19.1,1016.0,Normal
30.3,52,0.0,6.8,1016.0,Normal
29.2,33,0.0,10.8,1013.0,Normal
29.5,67,0.08,19.4,1005.0,Normal
28.1,58,0.56,7.2,1010.0,Normal
27.6,35,0.0,12.2,1013.0,Normal
32.1,63,0.0,14.0,1009.0,Normal
28.2,42,0.0,9.4,1014.0,Normal
31.8,42,0.0,27.0,1012.0,Normal
29.6,70,0.92,5.0,1006.0,Normal
28.1,48,0.0,22.0,1014.0,Normal
23.1,38,0.0,4.7,1018.0,Normal
31.2,66,0.0,13.0,1003.0,Normal
22.3,38,0.0,11.2,1024.0,Normal
23.3,50,0.0,13.0,1022.0,Normal
29.1,31,0.0,5.0,1018.0,Normal
34.6,30,0.0,7.2,1009.0,Normal
31.0,52,0.0,10.8,1011.0,Normal
24.5,61,0.0,4.3,1009.0,Normal
32.4,37,0.0,3.6,1011.0,Normal
25.8,52,0.01,15.8,1017.0,Normal
23.0,47,0.0,5.8,1018.0,Normal
21.2,64,0.0,19.1,1016.0,Normal
27.0,48,0.13,3.6,1017.0,Normal
30.1,46,0.44,22.7,1021.0,Normal
29.2,51,0.0,10.4,1007.0,Normal
24.3,65,0.22,9.0,1017.0,Normal
31.1,59,0.0,6.8,1012.0,Normal
24.1,65,0.0,4.0,1020.0,Normal
31.1,61,0.0,15.1,1006.0,Normal
27.3,33,0.0,14.0,1014.0,Normal
20.1,60,0.01,9.7,1028.0,Normal
29.2,52,0.0,15.5,1012.0,Normal
31.7,60,0.0,16.2,1009.0,Normal
27.3,37,0.0,18.0,1012.0,Normal
26.2,39,0.0,3.6,1016.0,Normal
31.8,65,0.04,5.8,1001.0,Normal
28.7,64,0.0,22.0,1013.0,Normal
32.2,63,0.0,14.8,1011.0,Normal
21.0,43,0.0,7.2,1015.0,Normal
22.0,46,0.01,4.3,1020.0,Normal
20.2,64,0.0,18.0,1028.0,Normal
27.3,48,0.0,24.1,1008.0,Normal
21.2,56,0.0,3.6,1022.0,Normal
25.3,47,0.0,26.6,1014.0,Normal
25.2,69,0.02,11.5,1018.0,Normal
26.2,61,0.0,4.3,1020.0,Normal
27.1,48,0.0,3.6,1018.0,Normal
30.3,55,0.0,10.4,1006.0,Normal
23.0,41,0.0,8.3,1021.0,Normal
22.0,35,0.0,10.8,1012.0,Normal
23.0,36,0.0,4.0,1018.0,Normal
29.0,45,0.0,21.6,1010.0,Normal
34.2,47,0.0,23.8,1011.0,Normal
25.3,65,0.0,4.7,1020.0,Normal
30.4,70,0.0,10.4,1013.0,Normal
28.4,48,0.0,31.0,1007.0,Normal
32.9,50,0.0,3.6,1006.0,Normal
30.2,55,0.0,20.2,1008.0,Normal
29.4,53,0.0,8.3,1011.0,Normal
30.3,38,0.0,19.1,1014.0,Normal
22.1,37,0.0,24.1,1004.0,Normal
25.3,61,0.0,14.8,1020.0,Normal
28.6,53,0.0,19.1,1015.0,Normal
21.0,60,0.0,4.3,1016.0,Normal
21.9,64,0.02,9.0,1016.0,Normal
21.3,38,0.0,9.0,1015.0,Normal
33.1,49,0.0,13.3,1008.0,Normal
24.4,34,0.0,10.4,1010.0,Normal
30.0,46,0.0,19.8,1011.0,Normal
23.7,54,0.13,6.1,1017.0,Normal
22.4,50,0.0,3.6,1022.0,Normal
31.1,63,0.0,25.6,1003.0,Normal
31.6,56,0.02,10.4,1008.0,Normal
27.6,69,0.0,8.3,1010.0,Normal
26.2,61,0.0,9.4,1018.0,Normal
22.3,30,0.0,22.3,1009.0,Normal
26.1,39,0.0,3.6,1014.0,Normal
22.3,57,0.0,10.4,1024.0,Normal
24.8,61,0.05,3.6,1016.0,Normal
20.5,56,0.0,13.0,1020.0,Normal
30.8,35,0.0,15.1,1017.0,Normal
23.0,65,0.43,5.8,1026.0,Normal
30.0,61,0.0,7.6,1008.0,Normal
21.1,53,0.0,5.4,1025.0,Normal
29.2,55,0.0,15.8,1011.0,Normal
26.8,33,0.0,20.5,1019.0,Normal
21.3,40,0.0,24.8,1021.0,Normal
26.6,57,0.06,4.3,1015.0,Normal
22.3,61,0.0,11.2,1014.0,Normal
21.0,65,0.0,4.0,1015.0,Normal
23.2,41,0.0,12.6,1017.0,Normal
23.5,45,0.0,3.6,1015.0,Normal
32.3,51,0.0,4.3,998.0,Normal
28.6,66,0.01,25.9,1011.0,Normal
22.1,59,0.0,21.6,1015.0,Normal
32.1,63,0.06,17.3,1009.0,Normal
24.3,50,0.0,11.2,1019.0,Normal
32.3,59,0.54,29.9,1000.0,Normal
29.9,42,0.0,7.9,1014.0,Normal
30.3,62,0.37,10.4,1009.0,Normal
25.7,30,0.0,32.8,1003.0,Normal
25.3,50,0.02,30.2,1009.0,Normal
20.1,60,0.0,7.9,1025.0,Normal
24.0,57,0.65,6.8,1013.0,Normal
27.0,66,0.0,11.9,1011.0,Normal
32.1,63,0.02,14.4,1009.0,Normal
23.2,53,0.0,13.3,1017.0,Normal
31.6,45,0.0,7.6,1011.0,Normal
20.1,39,0.0,11.2,1024.0,Normal
29.0,69,0.0,22.0,1011.0,Normal
22.4,41,0.0,27.7,1019.0,Normal
34.2,47,0.0,8.3,1008.0,Normal
26.4,48,0.0,11.5,1015.0,Normal
33.4,39,0.0,10.4,1006.0,Normal
32.3,38,0.0,3.6,1008.0,Normal
20.0,68,0.0,12.2,1019.0,Normal
30.1,49,0.45,22.0,1011.0,Normal
30.2,70,0.02,17.3,1012.0,Normal
30.3,66,0.01,22.0,1015.0,Normal
27.3,45,0.0,20.5,1016.0,Normal
28.2,66,0.0,9.4,1015.0,Normal
21.1,69,0.0,35.6,1021.0,Normal
25.2,67,0.01,33.1,1019.0,Normal
33.1,59,0.27,3.6,1007.0,Normal
24.3,50,0.0,16.6,1016.0,Normal
28.0,40,0.0,3.6,1016.0,Normal
34.6,63,0.0,18.4,997.0,Normal
29.4,48,0.0,11.9,1015.0,Normal
26.1,45,0.45,7.9,1023.0,Normal
31.1,41,0.0,9.0,1014.0,Normal
33.2,56,0.0,11.5,1007.0,Normal
28.0,55,0.0,33.1,1014.0,Normal
26.1,70,0.02,33.1,1016.0,Normal
32.2,67,0.0,21.6,1007.0,Normal
23.0,47,0.0,25.2,1012.0,Normal
20.2,53,0.0,6.1,1025.0,Normal
26.3,45,0.0,38.2,1017.0,Normal
30.4,70,0.04,31.7,1015.0,Normal
30.0,43,0.0,5.8,1014.0,Normal
30.3,70,0.0,4.3,1014.0,Normal
26.2,61,0.0,13.0,1020.0,Normal
27.1,47,0.0,3.6,1006.0,Normal
32.3,32,0.0,31.0,1011.0,Normal
30.1,66,0.24,13.3,1009.0,Normal
26.3,48,0.24,15.8,1016.0,Normal
26.6,39,0.37,19.8,1014.0,Normal
29.1,55,0.01,3.6,1012.0,Normal
24.3,65,0.0,11.2,1019.0,Normal
35.0,47,0.0,16.9,1000.0,Normal
32.4,36,0.0,4.7,1016.0,Normal
26.4,45,0.0,3.6,1018.0,Normal
27.1,48,0.0,14.8,1018.0,Normal
33.0,30,0.0,21.2,1007.0,Normal
23.9,64,0.01,4.3,1015.0,Normal
28.3,58,0.0,22.0,1012.0,Normal
25.4,54,0.0,20.5,1014.0,Normal
29.9,54,0.0,9.0,1013.0,Normal
28.2,65,0.0,7.9,1012.0,Normal
20.0,64,0.0,6.5,1029.0,Normal
21.7,30,0.0,8.6,1011.0,Normal
35.0,47,0.0,18.0,1000.0,Normal
28.0,45,0.0,10.1,1016.0,Normal
30.0,66,0.0,22.0,1004.0,Normal
34.1,53,0.61,9.0,1008.0,Normal
29.2,58,0.05,3.6,1016.0,Normal
20.0,49,0.0,9.0,1021.0,Normal
23.2,33,0.0,23.0,1013.0,Normal
33.1,30,0.0,16.2,1014.0,Normal
30.3,70,0.26,23.8,1012.0,Normal
25.1,57,0.0,22.7,1011.0,Normal
35.0,60,0.0,15.1,1003.0,Normal
32.4,49,0.0,12.6,1014.0,Normal
27.1,37,0.0,5.8,1021.0,Normal
25.3,65,0.0,6.8,1016.0,Normal
28.4,42,0.0,19.1,1019.0,Normal
22.6,32,0.0,18.7,1014.0,Normal
34.3,60,0.62,8.6,1006.0,Normal
31.2,66,0.15,6.8,1013.0,Normal
30.8,64,0.0,10.4,1011.0,Normal
22.2,53,0.0,7.9,1019.0,Normal
26.3,61,0.41,16.9,1007.0,Normal
28.3,58,0.0,6.5,1014.0,Normal
27.0,34,0.0,5.4,1011.0,Normal
27.0,39,0.0,11.2,1019.0,Normal
20.3,68,0.02,6.1,1015.0,Normal
27.1,65,0.0,22.0,1011.0,Normal
29.1,70,0.45,15.8,1008.0,Normal
23.4,65,0.02,7.2,1013.0,Normal
31.3,66,0.0,15.1,1013.0,Normal
22.2,30,0.0,10.4,1018.0,Normal
31.6,58,2.76,6.1,1008.0,Normal
26.2,58,0.01,30.6,1025.0,Normal
23.4,50,0.02,8.6,1012.0,Normal
22.0,61,0.14,12.2,1023.0,Normal
24.6,41,0.0,9.7,1015.0,Normal
26.3,65,0.01,14.0,1015.0,Normal
25.0,61,0.11,4.0,1023.0,Normal
23.3,47,0.0,18.0,1025.0,Normal
20.1,64,0.22,19.1,1016.0,Normal
27.1,58,0.25,19.4,1017.0,Normal
22.0,53,0.0,28.1,1018.0,Normal
32.3,38,0.0,10.4,1014.0,Normal
33.3,63,0.01,4.7,1006.0,Normal
22.2,55,0.01,5.8,1021.0,Normal
30.1,30,0.0,12.2,1012.0,Normal
28.2,30,0.0,4.7,1014.0,Normal
27.3,34,0.0,11.9,1016.0,Normal
25.1,41,0.01,16.9,1021.0,Normal
30.7,63,0.0,3.6,1011.0,Normal
29.4,58,0.0,20.2,1012.0,Normal
28.5,60,0.01,19.8,1013.0,Normal
21.1,69,0.0,20.9,1026.0,Normal
20.2,68,0.14,11.2,1010.0,Normal
28.0,58,0.0,12.6,1016.0,Normal
22.1,69,0.41,10.4,1023.0,Normal
29.4,67,0.0,17.6,1008.0,Normal
31.5,46,0.0,15.8,1010.0,Normal
25.2,69,0.01,41.8,1017.0,Normal
28.1,58,0.0,13.0,1015.0,Normal
29.3,52,0.0,16.9,1014.0,Normal
24.1,57,0.0,5.4,1017.0,Normal
34.5,33,0.0,19.8,1010.0,Normal
23.2,47,0.0,9.7,1018.0,Normal
29.5,70,0.0,21.2,1009.0,Normal
21.4,38,0.0,14.4,1014.0,Normal
24.2,57,0.0,10.8,1023.0,Normal
32.8,61,0.26,38.5,993.0,Normal
28.3,40,0.0,7.6,1012.0,Normal
29.2,70,0.0,3.6,1016.0,Normal
25.5,64,0.0,8.6,1011.0,Normal
26.4,38,0.0,5.4,1007.0,Normal
25.2,69,0.0,3.6,1020.0,Normal
34.8,50,0.0,5.8,999.0,Normal
30.2,70,0.85,24.1,1010.0,Normal
28.0,45,0.99,9.0,1017.0,Normal
31.0,66,0.0,3.6,1014.0,Normal
24.7,33,0.01,9.4,1008.0,Normal
29.3,70,0.31,10.8,1012.0,Normal
20.1,49,0.04,29.9,1014.0,Normal
28.5,65,0.0,22.7,1003.0,Normal
29.3,66,0.0,36.7,1011.0,Normal
24.2,39,0.0,11.5,1016.0,Normal
31.2,52,0.0,11.9,1010.0,Normal
31.3,66,0.0,20.2,1013.0,Normal
24.4,44,0.0,10.1,1021.0,Normal
22.1,69,0.0,3.6,1012.0,Normal
29.3,45,0.0,3.6,1016.0,Normal
23.0,53,0.01,5.0,1013.0,Normal
24.3,46,0.0,8.6,1013.0,Normal
21.2,64,0.23,6.1,1008.0,Normal
32.4,52,0.0,20.5,1007.0,Normal
26.2,34,0.01,10.8,1024.0,Normal
22.1,69,0.0,14.8,1010.0,Normal
22.3,31,0.0,6.1,1020.0,Normal
23.1,41,0.0,12.2,1018.0,Normal
22.6,65,0.0,8.6,1012.0,Normal
20.7,48,0.0,14.8,1015.0,Normal
29.1,70,0.0,11.9,1009.0,Normal
21.3,64,0.0,18.0,1018.0,Normal
20.0,64,0.04,9.4,1028.0,Normal
34.6,42,0.0,24.1,1009.0,Normal
23.3,47,0.03,8.3,1016.0,Normal
23.1,65,0.0,15.5,1027.0,Normal
22.2,35,0.0,19.8,1013.0,Normal
25.8,59,0.0,11.5,1012.0,Normal
22.1,57,0.02,15.1,1011.0,Normal
23.2,36,0.0,3.6,1016.0,Normal
28.0,33,0.0,18.0,1016.0,Normal
32.5,61,0.18,9.0,998.0,Normal
28.0,42,0.0,11.2,1021.0,Normal
24.0,44,0.0,7.6,1020.0,Normal
26.5,64,0.01,12.2,1010.0,Normal
22.0,58,0.0,6.8,1017.0,Normal
29.2,52,0.0,4.3,1010.0,Normal
25.3,56,0.0,11.2,1017.0,Normal
23.6,64,0.03,10.8,1015.0,Normal
22.2,61,0.0,8.3,1013.0,Normal
20.2,56,0.0,18.0,1022.0,Normal
27.2,48,0.0,6.1,1010.0,Normal
27.2,34,0.0,16.9,1018.0,Normal
29.2,62,0.0,18.4,1014.0,Normal
26.0,31,0.0,5.4,1015.0,Normal
31.3,66,0.02,3.6,1008.0,Normal
26.4,46,0.0,16.6,1004.0,Normal
28.0,65,0.01,8.3,1008.0,Normal
26.2,65,0.0,11.5,1014.0,Normal
32.5,48,0.0,8.6,1008.0,Normal
21.1,69,0.0,28.1,1016.0,Normal
33.2,41,0.0,4.3,1011.0,Normal
32.4,56,0.05,6.1,1010.0,Normal
23.3,57,0.0,18.4,1012.0,Normal
21.3,64,0.0,16.6,1014.0,Normal
24.6,56,0.0,5.0,1007.0,Normal
27.7,69,0.0,16.9,1012.0,Normal
21.0,46,0.0,6.8,1018.0,Normal
26.1,48,0.04,24.5,1013.0,Normal
20.2,30,0.0,16.6,1021.0,Normal
22.4,43,0.0,3.6,1019.0,Normal
23.3,55,0.0,3.6,1015.0,Normal
30.5,47,0.0,5.8,1011.0,Normal
30.1,70,0.05,13.3,1011.0,Normal
24.0,41,0.0,5.8,1018.0,Normal
31.3,48,0.0,37.1,1010.0,Normal
24.4,38,0.0,11.9,1011.0,Normal
27.3,34,0.0,17.6,1012.0,Normal
27.2,51,0.0,17.3,1013.0,Normal
20.6,69,0.0,8.3,1018.0,Normal
21.8,47,0.0,12.6,1014.0,Normal
34.1,30,0.0,6.8,1007.0,Normal
33.1,34,0.0,16.9,1019.0,Normal
26.1,42,0.0,22.0,1020.0,Normal
33.2,64,0.01,8.6,1001.0,Normal
33.3,59,0.17,9.0,1009.0,Normal
22.8,50,0.0,3.6,1015.0,Normal
27.1,66,0.0,6.8,1008.0,Normal
25.0,47,0.0,9.0,1022.0,Normal
34.7,55,0.04,16.6,1000.0,Normal
27.2,48,0.0,5.8,1015.0,Normal
30.3,70,0.0,19.1,1013.0,Normal
25.8,34,0.0,13.0,1016.0,Normal
27.3,34,0.0,20.5,1017.0,Normal
34.2,56,0.0,10.8,1005.0,Normal
28.8,36,0.02,23.8,1002.0,Normal
20.1,56,0.04,3.6,1027.0,Normal
23.2,44,0.95,12.2,1011.0,Normal
29.1,70,0.0,27.0,1014.0,Normal
24.2,61,0.0,6.5,1018.0,Normal
27.3,44,0.01,3.6,1010.0,Normal
28.1,58,0.0,10.1,1015.0,Normal
21.1,43,0.0,6.8,1016.0,Normal
24.7,33,0.0,10.4,1014.0,Normal
31.0,55,0.0,4.0,1007.0,Normal
33.5,47,0.14,3.6,1010.0,Normal
25.1,39,0.0,13.0,1009.0,Normal
30.2,70,0.02,11.5,1007.0,Normal
31.2,40,0.0,24.8,1010.0,Normal
29.1,35,0.0,3.6,1011.0,Normal
26.1,70,0.0,11.5,1011.0,Normal
25.2,39,0.0,6.8,1016.0,Normal
26.0,37,0.0,16.9,1007.0,Normal
30.2,70,0.0,11.5,1014.0,Normal
34.4,56,0.0,15.5,1008.0,Normal
32.1,39,0.0,7.6,1004.0,Normal
20.2,64,0.0,31.7,1014.0,Normal
21.7,32,0.0,6.8,1013.0,Normal
33.2,30,0.0,3.6,1010.0,Normal
31.0,59,0.0,11.2,1011.0,Normal
34.4,50,0.0,7.9,1006.0,Normal
34.4,36,0.0,23.0,1009.0,Normal
22.4,40,1.86,27.0,1004.0,Normal
30.7,48,0.0,20.2,1010.0,Normal
28.3,69,0.0,19.4,1014.0,Normal
30.4,49,0.0,4.0,1014.0,Normal
28.4,65,0.01,9.7,1011.0,Normal
27.5,46,0.0,8.6,1016.0,Normal
21.0,68,0.09,3.6,1010.0,Normal
21.0,49,0.0,6.1,1026.0,Normal
23.1,53,0.0,14.4,1021.0,Normal
22.1,57,0.0,14.4,1012.0,Normal
31.4,36,0.0,8.3,1013.0,Normal
32.2,56,0.0,12.6,1009.0,Normal
29.3,44,0.0,10.8,1009.0,Normal
30.3,38,0.0,11.2,1010.0,Normal
27.8,68,0.0,11.5,1012.0,Normal
31.3,63,0.0,10.4,1013.0,Normal
34.9,62,0.0,14.0,993.0,Normal
27.0,39,0.0,7.6,1015.0,Normal
21.0,40,0.0,23.0,1015.0,Normal
33.0,34,0.0,4.0,1015.0,Normal
23.1,65,0.0,9.7,1023.0,Normal
32.3,59,0.0,3.6,1008.0,Normal
21.1,60,0.0,14.4,1001.0,Normal
24.1,65,0.0,5.4,1018.0,Normal
30.2,70,0.43,11.9,1008.0,Normal
31.4,59,0.0,6.8,1007.0,Normal
24.1,44,0.0,9.7,1022.0,Normal
32.1,60,0.0,12.6,1010.0,Normal
21.1,49,0.0,9.7,1023.0,Normal
26.4,42,0.0,5.8,1011.0,Normal
30.4,43,0.0,19.1,1013.0,Normal
28.4,43,0.0,8.6,1012.0,Normal
21.0,69,0.0,9.0,1010.0,Normal
32.2,56,0.0,16.6,1007.0,Normal
33.8,53,0.0,23.8,1001.0,Normal
24.2,61,0.0,7.2,1022.0,Normal
33.2,42,0.0,14.4,1009.0,Normal
20.4,32,0.0,5.8,1026.0,Normal
24.9,70,0.0,8.6,1012.0,Normal
28.0,58,0.0,31.0,1012.0,Normal
26.3,70,0.0,6.8,1013.0,Normal
25.0,41,0.0,11.2,1023.0,Normal
21.1,42,0.0,38.2,1018.0,Normal
22.8,70,0.0,11.2,1007.0,Normal
31.2,59,0.0,4.0,1013.0,Normal
25.4,54,0.0,14.4,1005.0,Normal
24.1,44,0.0,3.6,1016.0,Normal
29.1,58,0.0,29.2,1008.0,Normal
33.1,53,0.0,19.4,1008.0,Normal
25.9,38,0.0,13.7,1014.0,Normal
23.4,57,0.0,16.9,1023.0,Normal
30.2,40,0.0,26.3,1011.0,Normal
29.3,40,0.0,7.2,1015.0,Normal
30.1,63,0.15,11.5,1008.0,Normal
23.1,61,0.02,23.8,1010.0,Normal
23.3,53,0.0,7.2,1019.0,Normal
29.0,35,0.0,8.3,1020.0,Normal
29.4,48,0.0,5.8,1017.0,Normal
24.3,57,0.0,7.2,1015.0,Normal
27.0,67,0.0,15.5,1012.0,Normal
29.7,54,0.0,7.2,1013.0,Normal
24.0,57,0.26,13.0,1005.0,Normal
27.3,66,0.0,11.2,1016.0,Normal
20.9,36,0.0,14.4,1020.0,Normal
32.3,36,0.0,19.1,1013.0,Normal
20.1,37,0.0,12.2,1016.0,Normal
24.0,31,0.0,24.1,1017.0,Normal
22.6,60,0.0,6.8,1004.0,Normal
28.0,47,0.0,4.3,1016.0,Normal
24.7,35,0.0,11.2,1013.0,Normal
28.0,70,0.0,9.0,1016.0,Normal
24.1,30,0.0,21.6,1013.0,Normal
34.4,56,0.02,8.3,1007.0,Normal
25.1,69,0.0,7.6,1017.0,Normal
24.0,69,0.07,12.6,1018.0,Normal
22.0,35,0.0,13.7,1022.0,Normal
21.3,53,0.08,12.2,1015.0,Normal
22.0,61,0.09,18.7,1011.0,Normal
26.2,34,0.0,17.3,1019.0,Normal
25.5,37,0.0,24.1,1006.0,Normal
28.2,51,0.0,11.5,1012.0,Normal
28.3,35,0.0,13.7,1010.0,Normal
28.1,48,0.0,5.0,1018.0,Normal
27.9,70,0.01,26.6,1015.0,Normal
28.2,56,0.0,13.3,1013.0,Normal
31.1,46,0.0,20.2,1010.0,Normal
25.3,57,0.31,3.6,1017.0,Normal
20.1,64,0.0,3.6,1025.0,Normal
31.2,66,1.49,7.6,1003.0,Normal
22.6,50,0.0,14.8,1019.0,Normal
24.6,60,0.0,24.1,1014.0,Normal
22.2,65,0.0,9.7,1013.0,Normal
21.2,49,0.0,16.9,1014.0,Normal
30.3,59,0.0,3.6,1017.0,Normal
26.4,54,0.0,35.3,1014.0,Normal
28.2,66,0.07,12.2,1005.0,Normal
21.0,49,0.24,19.1,1014.0,Normal
26.1,70,0.0,3.6,1009.0,Normal
24.9,30,0.0,9.7,1014.0,Normal
33.4,32,0.0,19.1,1013.0,Normal
28.0,66,0.61,3.6,1016.0,Normal
29.2,70,0.0,22.0,1013.0,Normal
29.5,37,0.0,3.6,1011.0,Normal
32.1,31,0.0,14.4,1011.0,Normal
26.4,54,0.0,4.7,1015.0,Normal
27.9,48,0.0,6.8,1015.0,Normal
29.4,45,0.0,24.5,1010.0,Normal
34.1,50,0.0,19.1,1006.0,Normal
21.0,45,0.0,8.6,1019.0,Normal
20.0,64,0.0,11.2,1012.0,Normal
23.7,63,0.03,12.2,1017.0,Normal
28.2,45,0.0,4.0,1020.0,Normal
32.1,34,0.0,19.4,1016.0,Normal
32.0,41,0.0,3.6,1017.0,Normal
23.3,53,0.0,15.1,1023.0,Normal
28.0,34,0.0,18.0,1013.0,Normal
28.9,63,0.0,6.5,1013.0,Normal
22.4,54,0.0,9.4,1011.0,Normal
27.0,58,0.0,5.4,1020.0,Normal
26.3,68,0.0,32.0,1013.0,Normal
24.0,69,0.0,5.8,1013.0,Normal
26.0,34,0.0,28.1,1018.0,Normal
33.1,49,0.84,7.9,1008.0,Normal
20.3,68,0.0,23.8,1015.0,Normal
32.3,67,0.0,5.8,1007.0,Normal
23.4,39,0.08,3.6,1011.0,Normal
33.2,63,0.0,9.4,998.0,Normal
20.0,56,0.08,9.7,1022.0,Normal
21.0,46,0.0,5.0,1020.0,Normal
33.2,53,0.0,17.6,1008.0,Normal
32.2,46,0.0,20.2,1007.0,Normal
25.2,47,0.0,3.6,1018.0,Normal
28.6,31,0.0,7.9,1013.0,Normal
35.0,51,0.0,7.6,1003.0,Normal
31.2,63,0.0,29.9,1013.0,Normal
24.1,54,0.0,6.1,1016.0,Normal
28.3,48,0.0,20.2,1007.0,Normal
31.7,51,0.16,12.2,1011.0,Normal
21.1,46,0.0,7.2,1022.0,Normal
30.0,70,0.0,6.1,1008.0,Normal
28.7,37,0.0,6.1,1011.0,Normal
21.2,46,0.0,19.8,1011.0,Normal
26.0,48,0.05,28.1,1024.0,Normal
34.0,34,0.0,7.2,1013.0,Normal
29.4,66,0.01,28.1,1007.0,Normal
24.2,54,0.0,18.0,1020.0,Normal
32.3,52,0.17,3.6,1010.0,Normal
23.4,65,0.0,22.7,1021.0,Normal
32.0,67,0.08,24.1,1015.0,Normal
30.4,70,0.17,15.1,1010.0,Normal
22.2,46,0.0,16.9,1023.0,Normal
31.0,59,0.0,18.0,1008.0,Normal
27.2,70,0.46,8.6,1015.0,Normal
24.2,47,0.0,11.5,1021.0,Normal
28.2,35,0.0,22.0,1012.0,Normal
30.1,59,0.0,21.6,1014.0,Normal
26.2,54,0.0,3.6,1010.0,Normal
27.5,58,0.17,20.2,1013.0,Normal
28.1,66,0.0,3.6,1020.0,Normal
22.3,53,0.39,9.0,1006.0,Normal
26.3,70,0.02,3.6,1014.0,Normal
24.1,69,0.49,28.1,1015.0,Normal
28.4,62,0.0,13.7,1011.0,Normal
25.3,57,0.0,3.6,1009.0,Normal
27.0,58,0.0,34.9,1016.0,Normal
23.1,33,0.0,11.2,1018.0,Normal
28.3,45,0.13,3.6,1013.0,Normal
26.1,65,0.0,10.4,1020.0,Normal
25.1,57,0.0,9.4,1011.0,Normal
21.9,55,0.0,14.8,1023.0,Normal
21.2,69,0.0,16.6,1027.0,Normal
25.3,69,0.0,15.1,1013.0,Normal
23.2,61,0.0,12.6,1016.0,Normal
25.4,51,0.0,12.2,1017.0,Normal
22.0,42,0.0,7.6,1023.0,Normal
29.2,48,0.0,3.6,1013.0,Normal
26.1,70,0.0,4.3,1017.0,Normal
25.4,31,0.0,15.8,1014.0,Normal
34.1,39,0.0,16.9,1009.0,Normal
33.2,41,0.0,3.6,1012.0,Normal
28.8,45,0.0,7.9,1013.0,Normal
26.3,32,0.0,3.6,1019.0,Normal
20.6,34,0.0,6.8,1021.0,Normal
27.6,35,0.0,15.5,1010.0,Normal
33.1,53,0.0,17.6,1015.0,Normal
23.2,53,0.0,12.2,1014.0,Normal
24.7,37,0.0,8.3,1017.0,Normal
32.3,63,0.0,16.6,1009.0,Normal
23.4,70,0.0,14.4,1015.0,Normal
21.0,43,0.0,15.1,1013.0,Normal
26.2,61,0.06,4.3,1019.0,Normal
23.6,41,0.11,13.0,1003.0,Normal
31.1,55,0.0,9.7,1013.0,Normal
23.3,61,0.0,11.9,1019.0,Normal
26.1,34,0.0,6.5,1023.0,Normal
24.0,54,0.24,3.6,1023.0,Normal
27.4,51,0.57,3.6,1019.0,Normal
22.2,53,0.0,11.2,1028.0,Normal
20.5,51,0.0,26.6,1011.0,Normal
29.1,58,0.16,19.1,1013.0,Normal
28.1,48,0.0,21.2,1016.0,Normal
32.4,59,0.0,18.4,1003.0,Normal
31.1,59,0.08,3.6,1016.0,Normal
29.4,55,0.0,11.2,1014.0,Normal
30.3,35,0.0,29.9,1014.0,Normal
24.0,50,0.0,5.8,1010.0,Normal
28.0,40,0.0,3.6,1016.0,Normal
29.1,37,0.0,9.7,1009.0,Normal
22.0,41,0.0,15.1,1008.0,Normal
26.6,36,0.0,13.0,1014.0,Normal
33.1,49,0.0,11.2,1016.0,Normal
33.2,41,0.0,15.8,1008.0,Normal
28.3,33,0.0,3.6,1016.0,Normal
25.3,41,0.0,14.4,1016.0,Normal
24.3,54,0.0,8.6,1012.0,Normal
32.0,67,1.27,3.6,1003.0,Normal
28.4,70,0.0,15.1,1017.0,Normal
29.1,62,0.0,9.0,1013.0,Normal
25.2,69,0.0,5.0,1012.0,Normal
24.3,68,0.0,14.0,1014.0,Normal
22.9,62,0.37,15.5,1011.0,Normal
30.2,43,0.0,3.6,1017.0,Normal
21.3,53,0.0,20.9,1006.0,Normal
21.0,69,0.0,20.9,1014.0,Normal
27.3,57,0.0,15.8,1000.0,Normal
32.2,43,0.0,13.3,1012.0,Normal
25.3,69,0.01,18.4,1013.0,Normal
30.4,70,0.0,19.8,1007.0,Normal
25.4,54,0.0,13.0,1024.0,Normal
34.2,44,0.0,17.3,1011.0,Normal
30.4,70,1.08,11.5,1006.0,Normal
20.3,46,0.0,15.8,1003.0,Normal
33.5,57,0.01,11.9,1003.0,Normal
22.3,65,0.0,14.0,1024.0,Normal
24.5,50,0.01,3.6,1017.0,Normal
22.2,63,0.0,14.8,1021.0,Normal
26.0,63,0.04,21.6,1017.0,Normal
31.0,66,0.0,16.6,1002.0,Normal
25.2,47,0.0,16.9,1013.0,Normal
29.8,66,0.0,4.3,1000.0,Normal
27.2,70,0.0,16.9,1013.0,Normal
20.3,37,0.0,8.6,1014.0,Normal
24.1,57,0.03,5.4,1014.0,Normal
27.1,66,0.0,6.8,1013.0,Normal
28.3,55,0.0,6.1,1015.0,Normal
32.2,63,0.0,20.5,1010.0,Normal
22.1,69,0.0,8.6,1017.0,Normal
20.1,64,0.0,3.6,1020.0,Normal
27.3,42,0.0,21.2,1015.0,Normal
31.0,31,0.0,19.8,1014.0,Normal
31.3,63,0.0,22.0,1012.0,Normal
30.0,31,0.05,11.9,1010.0,Normal
32.0,59,1.01,16.2,1008.0,Normal
33.3,47,0.0,10.8,1012.0,Normal
32.1,67,0.0,13.0,1003.0,Normal
26.1,70,0.0,29.9,1014.0,Normal
27.8,67,0.0,6.1,1014.0,Normal
20.4,49,0.1,5.0,1014.0,Normal
26.1,54,0.0,5.8,1022.0,Normal
22.6,52,0.0,9.0,1013.0,Normal
25.1,39,0.0,8.6,1021.0,Normal
31.2,63,0.0,21.6,1011.0,Normal
29.3,45,0.0,7.9,1013.0,Normal
26.4,42,0.0,8.3,1010.0,Normal
30.0,63,0.52,9.4,1009.0,Normal
23.2,61,0.0,14.0,1003.0,Normal
20.9,34,0.0,15.1,1020.0,Normal
28.2,68,0.0,21.2,1015.0,Normal
30.1,66,0.0,24.1,1015.0,Normal
20.3,51,0.07,16.6,1011.0,Normal
24.4,37,0.0,16.9,1011.0,Normal
31.3,63,1.18,6.1,1006.0,Normal
33.3,56,0.0,7.6,1011.0,Normal
29.6,43,0.0,11.9,1010.0,Normal
21.2,56,0.05,12.2,1014.0,Normal
24.0,50,0.0,29.9,1011.0,Normal
25.4,55,0.0,9.7,1010.0,Normal
21.5,54,0.01,12.6,1018.0,Normal
20.3,53,0.0,22.0,1024.0,Normal
23.0,61,1.03,3.6,1011.0,Normal
28.0,62,0.0,23.8,1010.0,Normal
22.6,53,0.19,13.3,1003.0,Normal
26.2,51,0.0,28.4,1009.0,Normal
25.1,44,0.0,28.1,1013.0,Normal
27.4,53,0.0,6.5,1015.0,Normal
33.1,32,0.0,16.9,1010.0,Normal
35.0,60,0.0,7.9,1007.0,Normal
28.4,42,0.0,7.6,1017.0,Normal
30.4,66,0.0,24.5,1014.0,Normal
30.2,70,0.0,12.2,1013.0,Normal
26.9,70,0.23,9.0,1014.0,Normal
27.2,39,0.0,11.2,1018.0,Normal
20.3,68,0.0,14.4,1010.0,Normal
26.4,58,0.0,20.2,1015.0,Normal
28.4,45,0.0,10.4,1019.0,Normal
28.4,45,0.0,13.7,1012.0,Normal
30.2,40,0.0,3.6,1015.0,Normal
30.3,43,0.0,3.6,1017.0,Normal
28.2,62,0.0,25.6,1019.0,Normal
25.0,61,0.05,6.8,1018.0,Normal
25.7,68,0.0,9.4,1011.0,Normal
21.3,56,0.0,5.4,1016.0,Normal
28.1,70,0.01,34.2,1013.0,Normal
22.1,47,0.52,9.7,1006.0,Normal
21.1,64,0.0,8.6,1019.0,Normal
23.3,50,0.0,13.0,1010.0,Normal
26.1,65,0.0,25.9,1016.0,Normal
31.0,66,1.75,15.5,1008.0,Normal
27.3,62,0.27,6.8,1016.0,Normal
22.0,69,0.41,21.6,1022.0,Normal
29.1,58,0.01,24.8,1008.0,Normal
29.1,61,0.0,7.9,1008.0,Normal
26.4,65,0.0,10.4,1011.0,Normal
28.7,61,0.0,4.0,1013.0,Normal
20.2,53,0.01,23.0,1015.0,Normal
31.0,43,0.0,16.9,1013.0,Normal
31.4,43,0.0,6.5,1019.0,Normal
22.4,65,0.0,16.9,1015.0,Normal
24.4,57,0.98,13.7,1020.0,Normal
30.2,70,0.01,7.2,1008.0,Normal
26.7,70,0.0,16.2,1009.0,Normal
21.0,46,0.0,11.2,1020.0,Normal
24.6,48,0.0,3.6,1022.0,Normal
25.4,68,0.01,41.0,1016.0,Normal
31.3,33,0.0,10.8,1006.0,Normal
29.3,55,0.0,22.0,1012.0,Normal
31.1,46,0.0,16.9,1011.0,Normal
23.7,33,0.0,18.0,1018.0,Normal
29.0,44,0.0,6.8,1009.0,Normal
29.3,45,0.0,9.7,1013.0,Normal
30.4,66,0.13,11.5,1013.0,Normal
22.3,33,0.0,15.1,1009.0,Normal
30.2,66,0.0,18.0,1008.0,Normal
31.3,52,0.0,22.7,1009.0,Normal
22.2,53,0.0,15.5,1023.0,Normal
33.4,30,0.0,6.5,1013.0,Normal
20.3,68,0.0,14.8,1024.0,Normal
23.4,57,0.0,10.8,1009.0,Normal
28.4,35,0.0,6.1,1023.0,Normal
29.9,56,0.0,7.6,1015.0,Normal
33.3,56,0.0,4.3,1012.0,Normal
29.0,66,0.0,7.2,1010.0,Normal
28.0,64,0.0,19.1,1010.0,Normal
22.6,34,0.0,21.6,1014.0,Normal
26.1,70,0.0,11.2,1019.0,Normal
23.2,38,0.08,6.8,1026.0,Normal
27.8,64,0.01,3.6,1013.0,Normal
26.6,70,0.02,6.5,1014.0,Normal
27.1,39,0.0,11.2,1017.0,Normal
26.3,30,0.0,8.3,1024.0,Normal
21.6,38,0.16,5.4,1012.0,Normal
28.0,33,0.0,17.3,1013.0,Normal
21.3,56,0.0,21.6,1011.0,Normal
23.3,61,0.01,9.7,1014.0,Normal
32.0,56,0.0,3.6,1013.0,Normal
33.3,59,0.0,14.4,1007.0,Normal
24.7,40,0.47,6.5,1007.0,Normal
23.3,36,0.0,16.9,1012.0,Normal
24.0,36,0.0,33.8,1013.0,Normal
31.1,49,0.0,10.1,1008.0,Normal
22.0,50,0.0,11.9,1019.0,Normal
21.1,46,0.0,25.9,1023.0,Normal
30.1,55,0.0,16.2,1009.0,Normal
28.3,70,0.02,15.1,1013.0,Normal
25.4,45,0.03,13.3,1012.0,Normal
31.0,55,0.0,19.1,1012.0,Normal
27.2,45,0.0,7.2,1009.0,Normal
24.8,50,0.0,21.6,1013.0,Normal
28.6,47,0.45,5.4,1009.0,Normal
34.0,39,0.0,17.3,1010.0,Normal
29.3,62,0.0,10.4,1012.0,Normal
28.4,42,0.0,23.0,1009.0,Normal
21.3,53,0.77,22.0,1007.0,Normal
29.1,43,0.84,3.6,1016.0,Normal
20.6,34,0.0,3.6,1014.0,Normal
32.2,59,0.0,20.2,1013.0,Normal
21.9,38,0.0,9.7,1022.0,Normal
21.2,64,0.3,3.6,1015.0,Normal
26.2,70,0.16,13.7,1017.0,Normal
25.0,51,0.0,16.2,1016.0,Normal
27.3,58,0.0,8.3,1014.0,Normal
33.2,56,0.21,4.3,1013.0,Normal
21.0,49,0.1,15.1,1016.0,Normal
27.7,41,0.0,11.9,1011.0,Normal
20.2,60,0.0,16.2,1017.0,Normal
31.4,46,0.0,6.1,1009.0,Normal
34.1,32,0.0,11.2,1014.0,Normal
24.5,67,0.0,28.8,1016.0,Normal
30.1,70,0.05,4.0,1011.0,Normal
21.3,31,0.0,15.1,1029.0,Normal
26.8,66,0.0,3.6,1012.0,Normal
21.0,46,0.0,13.0,1016.0,Normal
34.1,41,0.0,19.1,1014.0,Normal
33.2,63,0.01,13.3,999.0,Normal
32.1,63,0.04,5.8,1008.0,Normal
33.0,49,0.0,3.6,1004.0,Normal
29.5,56,0.01,21.6,1010.0,Normal
31.3,38,1.25,3.6,1014.0,Normal
28.7,68,0.04,21.2,1010.0,Normal
31.4,59,0.0,7.2,1015.0,Normal
26.3,48,0.0,6.5,1018.0,Normal
21.0,46,0.0,10.8,1022.0,Normal
34.2,34,0.0,15.1,1009.0,Normal
20.4,43,0.0,14.0,1017.0,Normal
27.4,42,0.0,13.0,1009.0,Normal
25.0,57,0.0,3.6,1011.0,Normal
33.4,63,0.03,3.6,1007.0,Normal
20.1,68,0.07,13.0,1016.0,Normal
31.4,52,0.81,9.0,1007.0,Normal
22.2,37,0.0,4.0,1011.0,Normal
27.1,66,0.0,6.5,1017.0,Normal
27.2,54,0.0,23.8,1010.0,Normal
22.2,53,0.0,11.2,1023.0,Normal
22.0,65,0.0,11.2,1006.0,Normal
31.1,63,0.0,9.4,1008.0,Normal
24.1,57,0.0,62.3,1009.0,Normal
21.3,38,0.0,14.4,1010.0,Normal
23.3,47,0.0,41.8,1016.0,Normal
27.2,35,0.15,5.0,1020.0,Normal
23.1,65,0.01,5.0,1022.0,Normal
29.1,33,0.0,3.6,1016.0,Normal
28.9,69,0.0,13.3,1009.0,Normal
20.3,60,0.0,6.5,1013.0,Normal
28.1,70,2.55,15.5,1008.0,Normal
24.4,54,0.0,14.4,1014.0,Normal
28.4,40,0.0,7.6,1020.0,Normal
31.3,66,0.0,16.9,1009.0,Normal
30.3,62,0.0,3.6,1013.0,Normal
28.6,68,0.0,31.3,1018.0,Normal
25.1,41,0.0,14.4,1013.0,Normal
22.2,61,0.0,3.6,1022.0,Normal
34.1,56,0.0,32.4,1009.0,Normal
26.3,70,0.0,4.3,1017.0,Normal
22.1,48,0.0,5.4,1012.0,Normal
29.2,45,0.0,25.9,1005.0,Normal
29.3,57,0.0,6.1,1013.0,Normal
29.1,31,0.0,10.4,1019.0,Normal
29.0,70,0.36,4.3,1013.0,Normal
25.0,51,0.0,4.7,1019.0,Normal
20.1,46,0.0,20.5,1018.0,Normal
32.0,34,0.0,9.7,1015.0,Normal
30.2,59,0.0,3.6,1016.0,Normal
28.0,62,0.06,15.1,1013.0,Normal
26.3,30,0.0,6.5,1018.0,Normal
21.3,48,0.0,28.8,1018.0,Normal
20.4,35,0.0,8.6,1018.0,Normal
27.4,66,0.0,24.1,1012.0,Normal
24.2,65,0.0,16.6,1014.0,Normal
26.4,51,0.0,19.1,1011.0,Normal
23.4,59,0.71,11.5,1010.0,Normal
33.1,30,0.0,9.7,1011.0,Normal
32.2,56,0.0,14.0,1014.0,Normal
28.7,37,0.0,7.6,1015.0,Normal
30.3,70,0.37,11.2,1010.0,Normal
29.2,31,0.0,15.5,1020.0,Normal
23.4,69,0.0,8.3,1020.0,Normal
32.1,67,0.0,7.2,1010.0,Normal
30.3,66,0.03,12.2,1008.0,Normal
32.3,30,0.0,11.2,1013.0,Normal
35.0,50,0.0,10.8,1003.0,Normal
23.0,53,0.0,20.9,1025.0,Normal
27.2,70,0.0,29.2,1015.0,Normal
28.7,70,0.0,23.8,1009.0,Normal
27.3,51,0.0,4.7,1020.0,Normal
25.0,41,0.0,15.1,1025.0,Normal
29.3,69,0.01,19.4,1009.0,Normal
26.0,47,0.0,16.6,1011.0,Normal
25.7,64,0.01,26.6,1017.0,Normal
29.2,70,1.4,6.8,1009.0,Normal
27.7,44,0.0,5.4,1016.0,Normal
24.2,54,0.0,17.3,1017.0,Normal
34.3,56,0.0,9.7,1007.0,Normal
28.2,30,0.0,9.4,1021.0,Normal
30.2,62,0.0,8.6,1013.0,Normal
22.1,53,0.0,16.2,1009.0,Normal
25.6,60,0.94,17.6,1008.0,Normal
34.4,39,0.0,3.6,1010.0,Normal
29.7,39,0.0,15.8,1012.0,Normal
21.0,64,0.0,17.6,1018.0,Normal
23.3,63,0.02,5.8,1008.0,Normal
20.2,64,0.0,16.9,1014.0,Normal
23.3,36,0.0,15.1,1022.0,Normal
22.3,47,0.0,8.6,1022.0,Normal
26.0,34,0.0,11.2,1018.0,Normal
33.2,53,0.0,16.9,1015.0,Normal
21.6,52,0.0,24.8,1017.0,Normal
29.2,70,0.0,20.9,1014.0,Normal
30.2,70,0.0,25.6,1015.0,Normal
34.0,63,0.0,12.6,1006.0,Normal
21.3,49,0.0,12.2,1023.0,Normal
30.0,38,0.0,11.2,1013.0,Normal
30.1,51,0.0,11.2,1011.0,Normal
22.2,43,0.05,7.6,1024.0,Normal
23.2,53,0.0,4.0,1024.0,Normal
32.1,36,0.09,11.2,1012.0,Normal
27.3,62,0.0,12.6,1015.0,Normal
21.4,64,0.0,7.9,1019.0,Normal
21.1,56,0.0,5.8,1014.0,Normal
22.7,70,0.17,8.3,1015.0,Normal
20.4,40,0.0,18.0,1021.0,Normal
28.3,33,0.0,10.4,1011.0,Normal
28.0,67,0.0,6.1,1013.0,Normal
25.2,32,0.0,23.8,1016.0,Normal
32.0,56,0.0,19.1,1009.0,Normal
20.1,64,0.0,11.9,1026.0,Normal
33.0,54,0.0,3.6,1006.0,Normal
20.3,64,0.0,3.6,1019.0,Normal
25.9,70,0.0,32.4,1013.0,Normal
23.4,69,0.0,10.8,1007.0,Normal
20.0,56,0.0,13.3,1012.0,Normal
20.8,50,0.0,5.0,1012.0,Normal
32.4,36,0.0,3.6,1018.0,Normal
20.4,35,0.0,26.3,1014.0,Normal
20.9,31,0.0,15.5,1017.0,Normal
22.4,65,0.0,3.6,1014.0,Normal
21.3,57,0.38,5.8,1017.0,Normal
27.8,50,0.0,19.1,1013.0,Normal
29.1,52,0.0,21.2,1011.0,Normal
20.4,61,0.0,6.1,1023.0,Normal
24.4,46,0.0,10.8,1015.0,Normal
24.4,54,0.0,23.4,1010.0,Normal
34.4,38,0.0,13.7,1008.0,Normal
20.1,40,0.13,23.8,1009.0,Normal
20.1,56,0.0,9.4,1023.0,Normal
29.2,40,0.0,8.6,1016.0,Normal
21.3,69,0.0,6.5,1017.0,Normal
21.0,53,0.0,6.8,1007.0,Normal
33.2,63,0.94,13.3,1010.0,Normal
32.0,65,0.06,23.8,998.0,Normal
21.7,42,0.0,8.3,1012.0,Normal
25.0,32,0.0,10.1,1022.0,Normal
28.1,62,0.0,4.7,1010.0,Normal
24.0,31,0.0,15.1,1027.0,Normal
23.4,41,0.0,33.5,1015.0,Normal
30.2,66,0.39,15.8,1009.0,Normal
26.1,65,0.04,10.8,1020.0,Normal
29.1,66,0.0,9.0,1006.0,Normal
24.4,63,0.0,5.8,1010.0,Normal
24.3,30,0.0,15.1,1018.0,Normal
22.2,61,0.0,6.1,1010.0,Normal
25.2,35,0.0,11.9,1011.0,Normal
31.0,43,0.0,20.2,1019.0,Normal
31.6,36,0.0,11.5,1010.0,Normal
20.8,57,0.23,10.4,1018.0,Normal
30.4,46,0.0,9.0,1020.0,Normal
27.5,69,0.37,11.2,1010.0,Normal
27.9,69,0.0,9.4,1010.0,Normal
28.2,66,0.0,15.8,1010.0,Normal
26.2,30,0.0,23.0,1015.0,Normal
27.0,66,0.0,31.3,1011.0,Normal
31.3,63,0.0,18.0,1009.0,Normal
31.9,41,0.0,28.1,1016.0,Normal
20.0,60,0.0,31.0,1023.0,Normal
20.6,36,0.0,7.6,1021.0,Normal
28.5,60,0.62,3.6,1008.0,Normal
24.3,57,0.0,6.8,1012.0,Normal
32.3,67,0.0,9.7,1012.0,Normal
24.0,65,0.0,12.6,1016.0,Normal
27.0,66,0.03,15.1,1017.0,Normal
24.1,44,0.0,8.6,1019.0,Normal
32.2,67,0.01,18.0,1010.0,Normal
26.8,70,0.0,10.1,1009.0,Normal
29.8,55,0.0,17.6,1011.0,Normal
22.3,69,0.0,3.6,1013.0,Normal
32.2,67,0.01,5.0,1007.0,Normal
26.1,58,0.18,6.5,1018.0,Normal
25.3,69,0.0,14.8,1018.0,Normal
29.4,45,0.05,4.7,1011.0,Normal
29.3,70,0.0,18.4,1013.0,Normal
20.1,68,0.0,26.3,1016.0,Normal
30.1,62,0.0,12.6,1006.0,Normal
31.8,65,0.67,20.9,1001.0,Normal
25.1,65,0.0,11.9,1021.0,Normal
21.0,46,0.0,10.1,1023.0,Normal
34.3,53,0.0,5.4,1014.0,Normal
31.0,66,0.0,18.7,1008.0,Normal
26.3,70,0.0,16.6,1014.0,Normal
24.3,48,0.0,3.6,1019.0,Normal
25.2,61,0.17,4.0,1015.0,Normal
27.8,31,0.0,26.6,1010.0,Normal
21.3,49,0.0,18.4,1008.0,Normal
24.8,50,0.0,23.0,1015.0,Normal
31.0,59,0.4,8.3,1007.0,Normal
21.1,57,0.34,11.2,1004.0,Normal
28.2,62,0.31,9.0,1008.0,Normal
25.0,44,0.0,13.0,1020.0,Normal
27.4,48,0.0,3.6,1016.0,Normal
21.3,64,1.46,3.6,1012.0,Normal
24.2,61,0.0,23.4,1015.0,Normal
20.0,68,0.0,4.0,1021.0,Normal
30.1,66,0.0,9.0,1010.0,Normal
23.0,50,0.0,10.1,1017.0,Normal
27.1,35,0.0,5.0,1011.0,Normal
28.6,62,0.03,10.1,1008.0,Normal
22.3,43,0.0,5.4,1025.0,Normal
22.0,58,0.0,8.6,1012.0,Normal
26.1,50,0.0,6.1,1014.0,Normal
21.4,64,0.0,5.4,1025.0,Normal
25.4,36,0.59,3.6,1011.0,Normal
25.3,54,0.0,16.2,1024.0,Normal
24.2,54,0.0,9.0,1015.0,Normal
22.1,53,0.0,5.8,1027.0,Normal
30.4,62,0.98,4.0,1004.0,Normal
29.4,62,0.0,5.4,1014.0,Normal
24.1,57,0.0,22.3,1022.0,Normal
27.6,69,0.0,6.8,1009.0,Normal
23.0,44,0.0,20.2,1010.0,Normal
32.4,67,0.0,14.0,1007.0,Normal
20.4,46,0.0,7.9,1030.0,Normal
31.4,31,0.0,13.0,1006.0,Normal
25.4,61,0.79,15.1,1018.0,Normal
28.0,30,0.0,3.6,1014.0,Normal
22.4,57,0.0,29.5,1014.0,Normal
30.1,35,0.0,5.8,1012.0,Normal
27.3,54,0.0,5.0,1011.0,Normal
31.1,55,0.0,3.6,1008.0,Normal
33.3,44,0.0,7.2,1010.0,Normal
32.2,67,0.0,4.3,1012.0,Normal
26.1,54,0.12,6.8,1012.0,Normal
30.0,59,0.0,7.2,1009.0,Normal
29.0,62,0.12,20.9,1013.0,Normal
22.4,69,0.0,12.2,1011.0,Normal
22.4,41,0.0,14.0,1017.0,Normal
31.9,69,0.43,3.6,999.0,Normal
32.4,36,0.0,7.6,1015.0,Normal
32.4,41,0.0,15.1,1014.0,Normal
25.1,41,0.0,4.0,1013.0,Normal
28.0,35,0.01,3.6,1013.0,Normal
22.4,61,0.0,11.9,1017.0,Normal
28.3,49,0.0,22.0,1005.0,Normal
28.2,69,0.0,7.6,1006.0,Normal
25.1,51,0.0,10.8,1015.0,Normal
22.2,41,0.0,5.4,1022.0,Normal
26.5,51,0.0,3.6,1014.0,Normal
27.0,57,0.0,5.8,1016.0,Normal
30.3,59,0.0,9.7,1015.0,Normal
32.4,63,0.14,6.8,1008.0,Normal
30.0,38,0.0,22.0,1009.0,Normal
29.2,35,0.0,22.7,1001.0,Normal
28.1,37,0.0,11.9,1015.0,Normal
24.1,54,0.0,20.2,1019.0,Normal
30.8,67,0.0,18.0,1009.0,Normal
23.3,47,0.0,10.8,1016.0,Normal
30.1,59,0.0,18.0,1015.0,Normal
29.1,40,0.0,22.0,1016.0,Normal
26.4,60,0.0,9.7,1015.0,Normal
21.1,58,0.01,16.6,1016.0,Normal
32.1,34,0.0,5.8,1015.0,Normal
33.2,59,0.0,14.0,1007.0,Normal
21.0,64,0.0,40.0,1011.0,Normal
31.9,35,0.0,13.7,1019.0,Normal
31.4,59,0.39,10.4,1013.0,Normal
20.4,49,0.0,13.0,1007.0,Normal
28.2,55,0.0,4.7,1018.0,Normal
20.4,49,0.02,38.5,1017.0,Normal
25.9,67,0.0,14.4,1014.0,Normal
29.3,70,0.0,12.6,1015.0,Normal
28.7,66,0.0,20.2,1012.0,Normal
27.4,62,0.0,10.4,1018.0,Normal
20.3,40,0.0,9.0,1018.0,Normal
30.3,40,0.0,11.2,1019.0,Normal
21.2,47,0.0,23.4,1025.0,Normal
28.9,70,0.3,6.8,1008.0,Normal
28.2,40,0.0,3.6,1021.0,Normal
26.2,58,0.0,19.1,1008.0,Normal
22.0,61,0.0,19.1,1012.0,Normal
22.8,30,0.0,15.5,1012.0,Normal
31.2,59,0.0,20.9,1008.0,Normal
27.4,45,0.0,3.6,1014.0,Normal
20.0,56,0.08,13.3,1014.0,Normal
26.3,44,0.0,3.6,1013.0,Normal
32.0,43,0.04,11.2,1008.0,Normal
29.2,62,0.0,13.0,1015.0,Normal
20.3,43,0.0,6.8,1015.0,Normal
26.2,51,0.0,14.8,1023.0,Normal
28.2,66,2.77,5.4,1008.0,Normal
26.3,42,0.0,4.7,1023.0,Normal
30.3,44,0.0,31.7,1010.0,Normal
24.1,47,0.0,3.6,1020.0,Normal
27.1,51,0.0,8.6,1016.0,Normal
26.2,65,0.0,14.0,1014.0,Normal
31.0,68,0.15,5.4,1006.0,Normal
27.8,69,0.0,30.6,1011.0,Normal
31.3,63,0.0,15.1,999.0,Normal
26.0,70,0.0,6.1,1014.0,Normal
21.1,60,0.0,22.3,1023.0,Normal
23.4,57,0.0,4.0,1017.0,Normal
25.3,44,0.0,29.9,1014.0,Normal
33.3,63,0.0,9.4,1010.0,Normal
22.1,69,0.0,15.1,1011.0,Normal
21.0,59,0.01,15.8,1017.0,Normal
34.2,53,0.0,21.2,1008.0,Normal
23.2,65,0.05,17.6,1015.0,Normal
22.2,53,0.0,17.3,1018.0,Normal
33.4,56,0.0,9.4,1008.0,Normal
22.3,69,0.0,15.1,1009.0,Normal
30.3,38,0.0,22.0,1010.0,Normal
20.0,46,0.01,16.9,1018.0,Normal
30.4,46,0.0,18.0,1012.0,Normal
32.1,59,0.13,8.3,1008.0,Normal
24.3,41,0.04,24.8,1020.0,Normal
27.1,58,0.0,12.6,1014.0,Normal
23.5,68,0.0,10.1,1013.0,Normal
24.2,51,0.0,3.6,1012.0,Normal
22.3,69,0.0,19.4,1013.0,Normal
29.2,31,0.0,9.7,1014.0,Normal
32.0,59,1.16,7.9,1006.0,Normal
28.6,59,0.0,19.4,1011.0,Normal
28.2,62,0.04,24.5,1015.0,Normal
24.8,32,0.0,7.6,1019.0,Normal
23.4,31,0.0,24.8,1021.0,Normal
27.4,40,0.0,8.3,1011.0,Normal
23.2,47,0.13,11.2,999.0,Normal
22.2,31,0.0,30.6,1013.0,Normal
26.9,57,0.0,15.1,1008.0,Normal
29.2,70,0.0,8.6,1007.0,Normal
31.4,33,0.0,22.0,1013.0,Normal
27.8,70,0.0,16.9,1011.0,Normal
29.8,69,0.0,17.6,1008.0,Normal
30.2,55,0.0,13.0,1010.0,Normal
25.3,41,0.0,9.7,1014.0,Normal
20.7,58,0.25,18.7,1009.0,Normal
21.2,56,0.0,28.8,1018.0,Normal
23.2,61,0.01,11.5,1021.0,Normal
32.3,30,0.0,31.7,1009.0,Normal
28.4,51,0.0,6.1,1017.0,Normal
29.3,66,0.0,11.5,1014.0,Normal
29.1,54,0.0,9.4,1011.0,Normal
21.0,49,0.08,9.4,1027.0,Normal
22.0,69,0.2,23.0,1006.0,Normal
22.7,53,0.44,10.1,1020.0,Normal
27.4,45,0.0,5.4,1019.0,Normal
25.7,69,0.01,18.4,1017.0,Normal
25.0,34,0.0,15.1,1015.0,Normal
20.5,52,0.0,22.3,1014.0,Normal
31.3,41,0.0,15.1,1013.0,Normal
26.9,45,0.0,3.6,1011.0,Normal
27.9,60,0.0,4.0,1015.0,Normal
20.2,57,0.0,4.0,1023.0,Normal
30.3,40,0.0,19.1,1021.0,Normal
30.4,70,0.25,4.7,1005.0,Normal
32.1,56,0.0,6.8,1008.0,Normal
27.1,65,0.0,16.9,1012.0,Normal
24.3,31,0.0,5.8,1018.0,Normal
20.2,60,0.0,16.2,1025.0,Normal
20.1,68,0.0,27.0,1010.0,Normal
20.3,60,0.0,4.3,1019.0,Normal
24.1,54,0.0,16.6,1022.0,Normal
21.1,43,0.0,12.2,1025.0,Normal
26.1,34,0.0,15.8,1024.0,Normal
23.5,64,0.0,23.4,1017.0,Normal
26.4,69,0.0,16.6,1012.0,Normal
31.1,66,0.0,9.4,1006.0,Normal
22.0,69,0.0,11.9,1021.0,Normal
22.2,38,0.0,14.0,1011.0,Normal
32.4,56,0.0,20.5,1012.0,Normal
27.1,30,0.0,4.0,1017.0,Normal
25.0,44,0.0,21.6,1010.0,Normal
20.0,64,0.02,20.5,1018.0,Normal
26.4,62,0.02,7.6,1015.0,Normal
27.5,69,0.0,3.6,1010.0,Normal
35.0,44,0.0,11.2,1002.0,Normal
26.3,51,0.0,6.8,1002.0,Normal
30.0,70,0.01,6.8,1009.0,Normal
30.0,62,0.01,19.8,1009.0,Normal
28.4,48,0.0,34.2,1015.0,Normal
23.4,69,0.36,11.9,1019.0,Normal
32.1,67,0.0,4.0,1013.0,Normal
21.2,30,0.0,3.6,1014.0,Normal
32.1,34,0.0,3.6,1014.0,Normal
32.4,63,0.13,4.3,1005.0,Normal
23.1,69,0.0,6.1,1012.0,Normal
21.3,46,0.0,13.3,1023.0,Normal
25.2,41,0.0,9.7,1019.0,Normal
23.1,53,0.0,11.2,1018.0,Normal
25.5,37,0.0,24.5,1017.0,Normal
33.8,39,0.0,31.0,1010.0,Normal
23.2,53,0.0,4.3,1020.0,Normal
28.2,69,0.0,25.2,1011.0,Normal
31.2,55,0.0,20.2,1012.0,Normal
24.6,48,0.22,15.8,1014.0,Normal
26.3,34,0.0,19.4,1025.0,Normal
28.4,68,0.0,3.6,1014.0,Normal
26.7,60,0.0,19.1,1014.0,Normal
26.0,42,0.0,3.6,1017.0,Normal
29.1,70,0.02,7.6,1012.0,Normal
26.3,42,0.02,25.2,1015.0,Normal
27.8,50,0.0,10.4,1017.0,Normal
27.5,52,0.0,34.6,1013.0,Normal
28.0,66,0.0,9.0,1010.0,Normal
30.3,70,0.01,12.2,1009.0,Normal
27.9,59,0.0,10.8,1012.0,Normal
21.8,54,0.04,3.6,1018.0,Normal
32.0,49,0.0,16.6,1007.0,Normal
20.9,64,0.19,10.4,1009.0,Normal
27.4,62,0.0,6.1,1015.0,Normal
28.2,70,0.0,13.7,1016.0,Normal
30.1,49,0.0,19.1,1008.0,Normal
34.1,36,0.0,17.3,1004.0,Normal
28.2,70,0.0,6.1,1009.0,Normal
25.3,57,0.01,8.6,1019.0,Normal
33.0,56,0.0,20.2,1011.0,Normal
20.2,43,0.0,6.5,1017.0,Normal
30.2,35,0.0,6.8,1013.0,Normal
24.1,62,0.0,11.2,1010.0,Normal
25.0,51,0.41,3.6,1022.0,Normal
30.1,66,0.03,18.4,1015.0,Normal
20.1,68,0.09,18.4,1013.0,Normal
26.3,55,0.0,5.4,1013.0,Normal
22.4,56,0.0,11.9,1015.0,Normal
27.8,47,0.0,7.2,1014.0,Normal
34.1,34,0.0,11.5,1010.0,Normal
20.1,64,0.0,20.5,1013.0,Normal
25.2,55,0.45,15.8,1012.0,Normal
31.7,67,0.37,8.3,1001.0,Normal
20.2,68,0.0,22.7,1012.0,Normal
25.2,39,0.0,17.3,1019.0,Normal
30.1,38,0.0,13.0,1011.0,Normal
29.1,45,0.0,10.4,1008.0,Normal
28.8,31,0.0,10.8,1010.0,Normal
24.1,67,0.43,11.2,1008.0,Normal
23.1,65,0.0,4.7,1013.0,Normal
24.1,47,0.67,15.8,1023.0,Normal
24.7,36,0.0,25.6,1011.0,Normal
27.4,42,0.0,17.6,1006.0,Normal
25.0,32,0.0,25.9,1010.0,Normal
32.1,52,0.0,19.8,1014.0,Normal
28.4,58,0.0,22.0,1010.0,Normal
25.1,61,0.0,5.8,1012.0,Normal
34.4,47,0.0,14.8,1010.0,Normal
25.3,53,0.0,4.0,1014.0,Normal
33.1,53,0.08,10.8,1005.0,Normal
23.2,47,0.0,33.1,1020.0,Normal
23.2,41,0.0,14.4,1016.0,Normal
30.3,70,0.07,3.6,1009.0,Normal
32.1,30,0.0,21.6,1013.0,Normal
26.0,58,0.01,33.5,1022.0,Normal
28.1,70,0.0,10.8,1012.0,Normal
30.1,62,0.18,11.5,1007.0,Normal
28.7,55,0.0,7.6,1013.0,Normal
27.1,34,0.0,24.5,1013.0,Normal
32.9,40,0.0,26.6,1011.0,Normal
23.4,61,0.02,9.7,1016.0,Normal
28.3,70,0.0,14.0,1012.0,Normal
26.4,39,0.0,20.9,1014.0,Normal
22.3,43,0.0,8.6,1016.0,Normal
28.0,52,0.0,20.5,1013.0,Normal
33.0,59,0.0,6.8,1003.0,Normal
28.3,37,0.0,8.3,1015.0,Normal
27.2,39,0.04,6.1,1013.0,Normal
27.5,54,0.0,11.5,1014.0,Normal
24.4,61,0.01,8.6,1015.0,Normal
29.2,70,0.0,6.1,1009.0,Normal
29.3,45,0.0,16.9,1017.0,Normal
30.1,70,0.02,5.4,1014.0,Normal
29.4,40,0.02,11.9,1009.0,Normal
33.4,59,1.35,8.3,1006.0,Normal
28.7,69,0.0,5.8,1013.0,Normal
26.9,53,0.0,10.4,1008.0,Normal
27.4,62,0.0,4.7,1017.0,Normal
28.0,70,0.0,5.0,1015.0,Normal
27.3,62,0.0,9.4,1019.0,Normal
23.4,53,0.0,19.1,1020.0,Normal
23.4,69,0.0,4.7,1024.0,Normal
26.6,56,0.0,7.6,1007.0,Normal
26.0,34,0.24,11.2,1023.0,Normal
20.2,64,0.0,8.3,1013.0,Normal
24.4,52,0.0,13.7,1020.0,Normal
29.0,34,0.16,13.3,1009.0,Normal
30.0,55,0.08,3.6,1012.0,Normal
24.4,47,0.1,8.6,1013.0,Normal
25.2,54,0.0,13.3,1019.0,Normal
24.4,36,0.0,8.6,1017.0,Normal
24.1,36,0.0,13.0,1012.0,Normal
21.2,40,0.0,20.2,1011.0,Normal
32.8,34,0.0,6.8,1005.0,Normal
28.1,62,0.0,9.4,1012.0,Normal
31.2,63,3.65,4.7,1007.0,Normal
31.0,41,0.0,8.3,1018.0,Normal
35.0,56,0.0,26.3,1005.0,Normal
29.2,57,0.0,10.8,1011.0,Normal
34.2,41,0.0,16.9,1011.0,Normal
30.0,70,0.0,7.6,1008.0,Normal
25.7,69,0.08,19.4,1018.0,Normal
35.0,35,0.0,20.2,1003.0,Normal
24.7,63,0.0,5.0,1001.0,Normal
25.1,57,0.01,13.3,1020.0,Normal
22.6,39,0.0,9.7,1021.0,Normal
26.0,61,0.05,26.6,1021.0,Normal
33.2,39,0.0,9.7,1009.0,Normal
27.1,32,0.0,13.3,1022.0,Normal
22.2,31,0.0,14.4,1012.0,Normal
26.2,37,0.0,3.6,1019.0,Normal
25.4,57,0.0,34.2,1023.0,Normal
21.6,65,0.2,11.5,1012.0,Normal
26.0,63,0.74,8.6,1011.0,Normal
21.9,53,0.0,10.1,1014.0,Normal
29.4,55,0.0,5.0,1013.0,Normal
29.2,48,0.03,3.6,1017.0,Normal
26.4,60,0.01,19.8,1014.0,Normal
21.2,53,0.0,6.1,1027.0,Normal
27.3,62,0.0,9.4,1018.0,Normal
27.2,62,0.0,25.9,1012.0,Normal
24.3,54,0.0,3.6,1012.0,Normal
20.1,68,0.0,3.6,1023.0,Normal
26.5,47,0.29,15.1,1012.0,Normal
20.4,37,0.0,33.1,1008.0,Normal
28.0,30,0.0,3.6,1020.0,Normal
33.0,53,0.0,7.6,1007.0,Normal
26.2,65,0.77,10.8,1020.0,Normal
27.4,61,0.0,16.6,1016.0,Normal
25.3,54,0.0,10.1,1004.0,Normal
27.2,51,0.0,9.7,1017.0,Normal
25.0,51,0.0,28.1,1013.0,Normal
23.9,30,0.0,15.5,1021.0,Normal
20.9,64,0.24,14.0,998.0,Normal
26.3,58,0.0,16.6,1014.0,Normal
28.1,66,1.88,5.4,1008.0,Normal
26.3,38,0.0,8.6,1011.0,Normal
28.4,56,0.0,6.1,1016.0,Normal
29.8,46,0.0,25.6,1010.0,Normal
22.0,41,0.0,19.4,1014.0,Normal
24.1,61,0.0,13.7,1023.0,Normal
31.3,47,0.0,10.4,1011.0,Normal
30.4,70,0.0,25.9,1005.0,Normal
27.2,54,0.0,38.9,1012.0,Normal
27.0,39,0.0,19.1,1014.0,Normal
30.0,33,0.0,3.6,1017.0,Normal
28.6,55,0.0,5.4,1013.0,Normal
24.0,49,0.0,5.8,1015.0,Normal
25.3,32,0.0,5.8,1018.0,Normal
27.5,55,0.0,20.2,1016.0,Normal
26.1,54,0.0,13.0,1019.0,Normal
29.7,63,0.17,34.9,1010.0,Normal
22.1,43,0.0,8.3,1027.0,Normal
22.2,69,0.04,3.6,1021.0,Normal
20.2,53,0.0,3.6,1012.0,Normal
20.3,68,0.0,6.1,1016.0,Normal
25.0,44,0.05,16.9,1017.0,Normal
23.1,53,0.0,22.0,1006.0,Normal
31.3,66,0.0,4.7,1011.0,Normal
34.0,56,0.0,13.0,1003.0,Normal
23.2,38,0.0,16.2,1014.0,Normal
21.4,60,0.0,6.5,1004.0,Normal
22.0,65,0.0,21.2,1017.0,Normal
23.2,42,0.0,8.6,1016.0,Normal
30.4,59,0.0,13.7,1007.0,Normal
29.1,70,0.0,32.0,1012.0,Normal
34.4,32,0.0,8.3,1011.0,Normal
32.7,43,0.0,16.9,1011.0,Normal
26.4,48,0.0,4.0,1021.0,Normal
29.1,70,0.0,10.1,1013.0,Normal
23.9,38,0.0,12.6,1010.0,Normal
30.1,33,0.0,4.3,1015.0,Normal
22.1,57,0.0,28.1,1019.0,Normal
20.1,32,0.0,14.4,1012.0,Normal
32.1,32,0.0,15.1,1005.0,Normal
31.2,59,0.0,10.1,1011.0,Normal
28.3,54,0.0,20.2,1013.0,Normal
30.1,70,0.02,19.1,1007.0,Normal
29.3,60,0.1,11.9,1008.0,Normal
26.1,58,0.0,19.1,1016.0,Normal
23.3,41,0.0,15.1,1013.0,Normal
21.8,61,0.23,10.1,1017.0,Normal
23.5,57,0.46,15.1,1017.0,Normal
31.0,30,0.0,7.2,1008.0,Normal
26.9,30,0.0,15.5,1008.0,Normal
22.3,31,0.0,11.9,1020.0,Normal
20.4,64,0.0,5.0,1006.0,Normal
32.4,46,0.0,18.7,1009.0,Normal
25.0,65,0.0,34.2,1017.0,Normal
23.0,47,0.0,3.6,1025.0,Normal
32.0,59,0.0,13.0,1012.0,Normal
24.8,52,0.0,7.6,1014.0,Normal
22.2,43,0.0,10.8,1016.0,Normal
23.2,65,0.02,11.2,1016.0,Normal
27.3,54,0.01,4.7,1017.0,Normal
30.1,59,6.13,18.0,1007.0,Normal
22.0,31,0.0,16.6,1011.0,Normal
29.0,48,0.0,9.0,1016.0,Normal
22.6,36,0.0,5.8,1017.0,Normal
29.1,62,0.37,9.0,1012.0,Normal
33.3,59,0.0,9.0,1010.0,Normal
28.3,55,0.0,3.6,1023.0,Normal
33.3,53,0.0,13.0,1011.0,Normal
26.4,51,0.0,24.1,1017.0,Normal
23.0,61,0.0,11.2,1017.0,Normal
33.4,59,0.0,3.6,1010.0,Normal
30.2,49,0.0,16.9,1010.0,Normal
23.0,50,0.0,11.9,1021.0,Normal
30.2,43,0.0,21.6,1009.0,Normal
28.4,48,0.0,24.1,1010.0,Normal
27.2,37,0.0,3.6,1020.0,Normal
26.0,51,0.0,18.0,1011.0,Normal
23.0,69,0.04,20.2,1007.0,Normal
28.7,58,0.0,7.6,1014.0,Normal
22.5,67,0.0,7.9,1027.0,Normal
29.6,63,0.0,10.1,1015.0,Normal
21.7,53,0.12,20.2,1008.0,Normal
25.7,59,0.0,7.6,1007.0,Normal
25.0,69,0.04,16.6,1014.0,Normal
27.4,50,0.0,15.8,1019.0,Normal
24.1,69,0.0,20.9,1015.0,Normal
21.3,60,0.01,27.4,1000.0,Normal
22.0,33,0.0,19.1,1026.0,Normal
25.1,57,0.0,4.7,1022.0,Normal
31.7,60,0.0,7.9,1013.0,Normal
26.2,42,0.0,21.6,1023.0,Normal
33.9,54,0.35,7.2,1003.0,Normal
34.3,53,0.41,3.6,1010.0,Normal
27.4,42,0.0,7.2,1008.0,Normal
22.3,50,0.0,5.8,1002.0,Normal
28.0,45,1.16,9.0,1017.0,Normal
27.0,62,0.0,7.6,1016.0,Normal
25.1,44,0.0,18.0,1008.0,Normal
23.2,50,0.0,7.9,1011.0,Normal
25.7,55,0.0,18.7,1016.0,Normal
24.0,50,0.01,11.2,1008.0,Normal
21.0,53,0.0,16.9,1032.0,Normal
28.3,64,0.0,7.9,1008.0,Normal
21.1,33,0.0,11.5,1028.0,Normal
30.3,43,0.0,13.3,1011.0,Normal
25.2,44,0.0,23.8,1013.0,Normal
24.2,61,0.0,10.1,1013.0,Normal
30.0,59,0.0,7.6,1010.0,Normal
22.0,65,0.0,20.2,1004.0,Normal
21.3,33,0.0,18.7,1017.0,Normal
33.0,53,0.0,9.7,1011.0,Normal
28.0,61,0.0,10.4,1001.0,Normal
28.5,70,0.01,15.1,1016.0,Normal
29.3,58,0.0,25.2,1015.0,Normal
32.3,63,0.14,13.3,1005.0,Normal
20.2,60,0.0,9.0,1022.0,Normal
29.2,52,0.0,24.1,1009.0,Normal
27.3,64,0.03,12.2,1013.0,Normal
23.2,68,0.0,23.0,1013.0,Normal
21.1,69,0.29,9.0,1011.0,Normal
34.2,60,0.0,18.4,1004.0,Normal
30.1,49,0.0,3.6,1015.0,Normal
22.1,61,0.0,11.5,1015.0,Normal
20.2,68,0.0,27.0,1015.0,Normal
31.4,33,0.0,24.1,1009.0,Normal
24.2,61,0.0,5.4,1014.0,Normal
30.3,62,0.05,8.3,1013.0,Normal
20.8,33,0.0,14.8,1020.0,Normal
21.1,69,0.0,13.3,1018.0,Normal
26.2,65,0.0,10.1,1017.0,Normal
31.3,63,0.0,19.1,1004.0,Normal
29.2,70,0.0,32.0,1012.0,Normal
28.4,66,0.01,10.8,1009.0,Normal
28.0,66,0.0,20.2,1014.0,Normal
30.1,62,0.08,14.4,1008.0,Normal
33.4,53,0.03,11.2,1008.0,Normal
30.1,70,0.05,16.9,1017.0,Normal
28.2,40,0.0,11.5,1011.0,Normal
29.1,70,0.06,15.8,1014.0,Normal
30.2,66,0.0,9.0,1015.0,Normal
30.2,43,0.0,3.6,1012.0,Normal
27.2,70,0.0,13.0,1014.0,Normal
23.5,58,0.56,14.8,1015.0,Normal
29.0,35,0.05,19.1,1016.0,Normal
29.2,48,0.0,15.8,1018.0,Normal
30.4,46,0.0,13.0,1009.0,Normal
21.6,31,0.0,10.4,1024.0,Normal
28.2,42,0.0,8.3,1016.0,Normal
34.8,59,0.0,19.1,997.0,Normal
28.1,35,0.0,7.2,1020.0,Normal
27.6,36,0.0,11.9,1014.0,Normal
32.1,55,0.1,6.8,1006.0,Normal
28.3,49,0.0,8.3,1016.0,Normal
23.1,50,0.0,21.6,1015.0,Normal
25.9,55,0.01,14.4,1016.0,Normal
31.0,41,0.0,22.0,1004.0,Normal
21.4,49,0.02,19.1,1010.0,Normal
28.1,48,0.0,15.5,1013.0,Normal
30.9,47,0.0,15.1,1018.0,Normal
21.2,60,0.01,13.3,1025.0,Normal
32.3,63,0.0,18.7,1009.0,Normal
20.0,60,0.0,12.6,1021.0,Normal
20.4,52,0.13,12.2,1016.0,Normal
29.4,70,0.0,6.1,1010.0,Normal
26.3,70,0.26,13.0,1011.0,Normal
25.0,42,0.0,4.0,1018.0,Normal
24.1,69,0.19,3.6,1021.0,Normal
21.1,60,0.03,10.8,1026.0,Normal
20.1,56,0.0,3.6,1015.0,Normal
32.2,43,0.0,5.4,1005.0,Normal
26.4,51,0.0,7.9,1016.0,Normal
30.4,36,0.0,10.4,1007.0,Normal
29.3,70,0.0,10.4,1012.0,Normal
29.1,70,0.2,13.7,1018.0,Normal
29.1,58,0.03,19.1,1013.0,Normal
29.3,66,0.0,20.5,1015.0,Normal
24.0,54,0.0,14.8,1008.0,Normal
25.0,69,0.67,23.8,1004.0,Normal
25.2,57,0.02,3.6,1019.0,Normal
32.1,59,0.0,14.4,1008.0,Normal
24.3,54,0.0,16.9,1015.0,Normal
30.2,66,0.0,21.2,1009.0,Normal
21.2,64,0.0,23.8,1024.0,Normal
26.2,37,0.0,15.8,1022.0,Normal
21.0,49,0.0,6.1,1026.0,Normal
22.0,53,0.02,11.2,1010.0,Normal
32.2,32,0.0,3.6,1013.0,Normal
30.4,33,0.0,9.0,1014.0,Normal
21.2,46,0.0,15.1,1013.0,Normal
28.4,30,0.0,11.2,1018.0,Normal
21.1,60,0.0,14.4,1016.0,Normal
33.7,33,0.0,6.1,1016.0,Normal
28.3,68,0.04,24.1,1011.0,Normal
27.6,63,0.0,18.7,1013.0,Normal
21.6,70,0.01,9.7,1013.0,Normal
27.7,54,0.0,12.6,1010.0,Normal
22.4,69,0.0,13.0,1017.0,Normal
30.1,51,0.0,3.6,1012.0,Normal
22.4,50,0.0,6.5,1019.0,Normal
20.9,33,0.0,7.6,1021.0,Normal
29.0,34,0.0,10.8,1010.0,Normal
29.7,38,0.0,15.8,1009.0,Normal
24.3,44,0.0,4.7,1012.0,Normal
29.3,62,0.0,8.3,1014.0,Normal
21.0,56,0.0,6.8,1013.0,Normal
30.3,66,0.0,24.5,1008.0,Normal
20.1,64,0.0,18.7,1026.0,Normal
22.2,38,0.0,11.5,1021.0,Normal
22.3,50,0.0,3.6,1023.0,Normal
22.2,69,0.0,13.7,1021.0,Normal
34.7,54,0.0,15.5,999.0,Normal
24.3,50,0.0,25.6,1015.0,Normal
25.3,53,0.0,14.8,1016.0,Normal
20.4,49,0.01,9.7,1028.0,Normal
26.0,45,0.0,3.6,1017.0,Normal
30.3,52,0.0,15.8,1015.0,Normal
24.2,54,0.0,15.1,1025.0,Normal
32.0,39,0.0,10.1,1009.0,Normal
31.3,63,0.47,16.9,1009.0,Normal
22.3,41,0.0,16.2,1023.0,Normal
29.3,70,0.09,12.2,1014.0,Normal
20.4,43,0.01,13.3,1028.0,Normal
33.1,56,0.0,17.3,1007.0,Normal
32.1,34,0.0,11.2,1010.0,Normal
26.4,65,0.0,5.8,1018.0,Normal
25.2,62,0.0,24.8,1013.0,Normal
23.1,50,0.0,21.2,1016.0,Normal
28.2,48,0.0,37.8,1012.0,Normal
26.0,58,0.0,6.8,1011.0,Normal
23.2,65,0.0,4.0,1010.0,Normal
25.2,34,0.0,7.2,1023.0,Normal
29.0,37,0.0,19.1,1014.0,Normal
27.9,68,0.0,14.8,1009.0,Normal
29.4,52,0.0,6.1,1011.0,Normal
26.2,61,0.0,6.8,1012.0,Normal
31.1,63,0.0,3.6,1007.0,Normal
34.8,33,0.0,8.6,1011.0,Normal
33.1,56,0.0,10.1,1012.0,Normal
22.4,70,0.01,26.6,1021.0,Normal
27.2,66,0.0,20.5,1015.0,Normal
30.3,62,0.02,16.6,1011.0,Normal
22.6,62,0.0,9.4,1015.0,Normal
28.0,42,0.0,12.6,1012.0,Normal
21.3,40,0.0,20.2,1017.0,Normal
20.1,49,0.0,7.2,1017.0,Normal
24.1,61,0.0,6.5,1020.0,Normal
23.1,53,0.0,10.8,1014.0,Normal
29.2,70,0.06,11.5,1011.0,Normal
25.2,32,0.0,10.1,1013.0,Normal
26.4,70,0.05,4.0,1012.0,Normal
35.0,39,0.0,13.0,1016.0,Normal
28.0,58,0.0,6.5,1018.0,Normal
21.0,49,0.0,16.9,1026.0,Normal
21.4,57,0.01,35.6,1015.0,Normal
33.0,44,0.0,15.1,1010.0,Normal
26.1,37,0.0,22.0,1014.0,Normal
27.3,70,0.0,7.2,1016.0,Normal
33.4,30,0.0,20.5,1019.0,Normal
32.8,30,0.0,4.3,1016.0,Normal
35.0,39,0.0,19.1,1005.0,Normal
29.3,66,0.23,12.2,1010.0,Normal
24.2,47,0.19,11.2,1012.0,Normal
21.3,70,0.0,14.8,1016.0,Normal
32.1,38,0.0,3.6,1009.0,Normal
30.1,59,0.0,19.4,1013.0,Normal
29.3,62,0.01,4.3,1014.0,Normal
26.8,48,0.0,7.2,1015.0,Normal
31.1,41,0.0,3.6,1008.0,Normal
22.2,61,0.0,16.6,1027.0,Normal
27.9,65,0.0,16.2,1002.0,Normal
32.4,59,0.0,13.7,1010.0,Normal
24.1,69,0.01,7.6,1016.0,Normal
26.2,65,0.77,9.7,1018.0,Normal
27.4,54,0.0,21.2,1010.0,Normal
31.2,63,0.0,6.5,1013.0,Normal
21.0,38,0.0,19.1,1017.0,Normal
22.0,65,0.0,7.2,1021.0,Normal
26.1,61,0.0,11.9,1019.0,Normal
34.2,60,0.0,14.4,1004.0,Normal
26.3,70,0.0,7.2,1015.0,Normal
29.3,33,0.0,6.1,1018.0,Normal
32.5,61,0.0,10.4,1009.0,Normal
34.1,32,0.0,11.2,1010.0,Normal
30.2,62,0.0,3.6,1015.0,Normal
26.1,58,0.04,10.4,1011.0,Normal
20.2,64,0.0,3.6,1017.0,Normal
30.0,69,0.0,25.2,1003.0,Normal
27.7,50,0.09,14.0,1013.0,Normal
27.4,62,0.1,3.6,1012.0,Normal
23.4,69,0.0,9.4,1014.0,Normal
25.9,70,0.01,4.3,1009.0,Normal
29.4,40,0.0,18.0,1015.0,Normal
24.3,65,0.02,9.0,1020.0,Normal
31.4,49,0.0,7.9,1012.0,Normal
22.0,50,0.21,15.1,1014.0,Normal
32.2,34,0.0,3.6,1018.0,Normal
31.3,63,0.0,18.7,1012.0,Normal
27.1,59,0.0,16.6,1012.0,Normal
27.4,30,0.0,18.7,1013.0,Normal
25.2,51,0.09,11.5,1020.0,Normal
26.0,70,0.0,16.9,1013.0,Normal
26.0,51,0.0,3.6,1017.0,Normal
21.0,62,0.02,3.6,1014.0,Normal
29.2,70,0.0,5.4,1015.0,Normal
31.2,66,0.02,30.2,1011.0,Normal
27.2,70,0.0,19.8,1012.0,Normal
27.0,70,0.02,15.5,1005.0,Normal
21.4,64,0.02,28.8,1017.0,Normal
28.2,70,0.0,7.2,1011.0,Normal
23.2,65,0.01,15.5,1018.0,Normal
23.2,57,0.14,6.1,1018.0,Normal
24.2,69,0.0,17.6,1020.0,Normal
26.0,70,0.0,22.0,1016.0,Normal
22.2,38,0.0,24.5,1014.0,Normal
33.1,47,0.0,13.0,1013.0,Normal
34.1,63,0.0,25.9,998.0,Normal
23.0,53,0.0,6.8,1017.0,Normal
20.1,60,0.0,12.2,1013.0,Normal
23.7,30,0.0,13.0,1014.0,Normal
20.1,53,0.04,9.7,1015.0,Normal
24.1,65,0.0,13.7,1013.0,Normal
30.3,43,0.21,9.0,1015.0,Normal
24.4,65,0.2,24.1,1025.0,Normal
28.0,42,0.0,27.7,1011.0,Normal
27.2,42,0.0,9.0,1020.0,Normal
24.3,54,0.52,7.6,1021.0,Normal
29.3,33,0.0,4.3,1019.0,Normal
21.0,49,0.0,3.6,1017.0,Normal
27.3,66,0.01,9.4,1010.0,Normal
22.5,58,0.01,3.6,1016.0,Normal
22.0,52,0.0,9.4,1015.0,Normal
26.3,54,0.0,16.2,1017.0,Normal
32.1,63,0.0,16.9,1004.0,Normal
32.0,67,0.0,15.1,1011.0,Normal
25.2,36,0.0,6.8,1018.0,Normal
25.3,39,0.0,4.0,1012.0,Normal
24.3,61,0.0,7.9,1015.0,Normal
25.0,57,0.0,36.0,1015.0,Normal
24.9,65,0.0,4.7,1009.0,Normal
20.2,65,1.34,9.0,1012.0,Normal
22.3,65,0.0,21.6,1024.0,Normal
32.2,30,0.0,13.0,1016.0,Normal
34.0,51,0.0,15.8,1008.0,Normal
23.1,47,0.0,11.2,1029.0,Normal
32.1,52,0.0,16.9,1002.0,Normal
25.3,69,0.01,25.2,1016.0,Normal
29.0,48,0.0,19.1,1017.0,Normal
29.2,58,0.0,12.2,1012.0,Normal
22.0,44,0.0,19.8,1011.0,Normal
30.0,40,0.0,10.4,1008.0,Normal
25.3,54,0.0,20.5,1018.0,Normal
20.1,56,0.02,14.8,1015.0,Normal
28.0,51,0.0,19.1,1014.0,Normal
30.1,66,0.0,13.0,1010.0,Normal
31.4,63,0.0,6.1,1014.0,Normal
27.3,51,3.24,33.1,1012.0,Normal
33.2,32,0.0,5.0,1008.0,Normal
26.2,45,0.0,10.4,1014.0,Normal
25.3,65,0.0,20.9,1016.0,Normal
20.7,61,0.0,3.6,1013.0,Normal
27.4,39,0.0,13.0,1012.0,Normal
20.2,34,0.0,7.6,1021.0,Normal
20.4,62,0.0,7.6,1012.0,Normal
29.8,35,0.0,14.4,1009.0,Normal
27.3,58,0.0,13.0,1018.0,Normal
32.1,52,0.33,6.5,1004.0,Normal
27.4,37,0.0,17.3,1014.0,Normal
26.7,46,0.0,17.6,1011.0,Normal
29.6,45,0.0,8.6,1013.0,Normal
29.3,70,0.0,15.1,1015.0,Normal
20.1,37,0.0,23.0,1018.0,Normal
21.3,64,0.0,9.0,1015.0,Normal
23.0,47,0.0,5.8,1019.0,Normal
27.1,66,0.0,6.5,1012.0,Normal
34.6,38,0.0,20.5,1008.0,Normal
21.2,64,0.0,6.1,1032.0,Normal
26.0,51,0.0,3.6,1010.0,Normal
31.4,59,0.0,3.6,1012.0,Normal
24.2,54,0.0,28.1,1016.0,Normal
30.1,66,0.15,9.0,1009.0,Normal
25.3,39,0.0,8.3,1014.0,Normal
25.1,54,0.0,11.5,1018.0,Normal
29.0,70,0.0,6.8,1012.0,Normal
21.1,46,0.0,15.5,1012.0,Normal
21.0,40,0.0,7.6,1013.0,Normal
27.4,70,0.0,13.0,1010.0,Normal
20.1,56,0.0,9.0,1014.0,Normal
26.9,46,0.0,30.2,1011.0,Normal
20.3,46,0.0,10.4,1027.0,Normal
28.3,70,0.0,18.0,1012.0,Normal
30.1,49,0.0,10.1,1010.0,Normal
28.2,70,0.0,5.4,1011.0,Normal
26.3,70,0.03,27.7,1018.0,Normal
25.4,69,0.0,13.0,1017.0,Normal
33.2,51,0.0,25.9,1009.0,Normal
27.3,67,0.02,3.6,1011.0,Normal
23.4,31,0.0,8.6,1015.0,Normal
26.1,39,0.0,9.4,1019.0,Normal
29.4,58,0.0,10.4,1014.0,Normal
21.3,49,0.42,5.4,1009.0,Normal
31.0,59,0.0,11.9,1012.0,Normal
28.1,69,0.05,11.2,1010.0,Normal
30.3,66,0.4,6.1,1007.0,Normal
25.2,36,0.0,10.8,1019.0,Normal
30.1,70,0.05,18.0,1008.0,Normal
32.0,56,0.0,3.6,1014.0,Normal
27.0,37,0.0,22.0,1008.0,Normal
27.9,45,0.0,7.9,1014.0,Normal
21.2,31,0.0,12.6,1014.0,Normal
20.1,56,0.04,9.4,1027.0,Normal
30.4,59,0.01,5.8,1009.0,Normal
24.1,61,0.01,17.3,1022.0,Normal
33.4,47,0.0,30.2,1005.0,Normal
31.0,36,0.0,25.9,1008.0,Normal
22.2,50,0.0,15.5,1021.0,Normal
22.0,44,0.0,9.4,1017.0,Normal
30.1,66,0.0,13.0,1009.0,Normal
24.1,69,0.0,7.2,1012.0,Normal
30.2,55,0.0,19.4,1013.0,Normal
25.2,57,0.0,9.4,1013.0,Normal
30.1,44,0.0,18.0,1005.0,Normal
27.9,57,0.0,19.4,1013.0,Normal
30.5,31,0.0,4.0,1009.0,Normal
29.1,62,0.0,24.5,1017.0,Normal
31.2,66,0.01,14.4,1009.0,Normal
28.3,70,0.0,9.0,1016.0,Normal
34.3,53,0.0,7.9,1001.0,Normal
22.1,61,0.0,13.0,1020.0,Normal
32.5,34,0.0,6.8,1004.0,Normal
22.0,44,0.0,11.2,1015.0,Normal
24.1,31,0.0,11.2,1013.0,Normal
30.2,70,0.0,21.6,1011.0,Normal
28.8,39,0.04,7.6,1014.0,Normal
30.0,66,0.0,4.7,1012.0,Normal
21.2,44,0.0,24.1,1012.0,Normal
29.1,70,0.02,3.6,1014.0,Normal
23.4,65,0.0,4.3,1019.0,Normal
23.2,65,0.0,10.8,1016.0,Normal
24.2,38,0.0,11.2,1013.0,Normal
22.0,65,0.07,15.1,1012.0,Normal
23.4,61,0.0,15.5,1024.0,Normal
25.3,65,0.0,13.0,1015.0,Normal
31.0,62,0.25,4.7,1007.0,Normal
29.3,70,0.19,6.1,1011.0,Normal
34.3,46,0.0,16.6,1004.0,Normal
24.3,57,0.0,14.0,1017.0,Normal
33.0,49,0.0,4.0,1010.0,Normal
32.3,41,0.0,7.6,1018.0,Normal
24.4,65,0.3,6.1,1021.0,Normal
26.1,61,0.0,15.1,1014.0,Normal
28.7,70,0.0,29.2,1013.0,Normal
27.3,66,0.42,3.6,1019.0,Normal
27.2,58,0.02,11.2,1010.0,Normal
24.0,65,0.0,12.2,1020.0,Normal
22.2,65,0.0,3.6,1012.0,Normal
28.3,70,0.0,15.1,1017.0,Normal
30.1,66,0.02,10.4,1008.0,Normal
26.2,34,0.0,16.6,1018.0,Normal
28.1,51,0.0,11.2,1012.0,Normal
34.3,53,0.0,13.0,1001.0,Normal
22.3,65,0.0,8.6,1021.0,Normal
23.1,47,0.0,25.9,1015.0,Normal
21.8,34,0.0,12.6,1013.0,Normal
31.2,33,0.0,3.6,1019.0,Normal
22.0,37,0.0,8.3,1011.0,Normal
25.3,40,0.0,3.6,1018.0,Normal
23.2,65,0.19,3.6,1020.0,Normal
29.0,58,0.0,13.0,1010.0,Normal
26.2,70,0.0,7.9,1014.0,Normal
23.1,41,0.0,14.0,1026.0,Normal
22.2,53,0.0,18.4,1024.0,Normal
31.3,46,0.0,13.0,1015.0,Normal
31.1,55,0.0,6.8,1017.0,Normal
30.2,70,0.05,11.9,1010.0,Normal
22.3,61,0.0,11.5,1019.0,Normal
21.2,64,0.0,29.5,1017.0,Normal
21.2,53,0.0,14.8,1024.0,Normal
23.3,45,0.0,13.0,1015.0,Normal
33.2,59,0.77,6.1,1005.0,Normal
20.4,35,0.0,20.5,1022.0,Normal
23.4,69,0.02,9.4,1018.0,Normal
24.4,43,0.15,9.4,1009.0,Normal
24.1,57,0.0,15.5,1023.0,Normal
22.2,70,0.01,18.7,1011.0,Normal
22.1,43,0.0,16.9,1013.0,Normal
24.5,48,0.0,5.4,1013.0,Normal
24.5,59,0.0,4.7,1009.0,Normal
28.0,42,0.09,13.0,1019.0,Normal
32.2,67,0.96,18.0,1005.0,Normal
30.3,55,0.0,6.8,1019.0,Normal
20.9,44,0.0,22.3,1015.0,Normal
27.1,69,0.0,20.9,1012.0,Normal
29.9,65,0.0,26.3,1007.0,Normal
29.6,66,0.01,4.0,1013.0,Normal
22.3,46,0.0,7.6,1015.0,Normal
21.1,56,0.0,6.8,1028.0,Normal
29.4,58,0.0,20.5,1012.0,Normal
28.2,40,0.0,20.2,1013.0,Normal
25.3,54,0.0,15.5,1012.0,Normal
30.2,62,0.0,16.2,1009.0,Normal
21.1,40,0.0,9.0,1013.0,Normal
23.0,44,0.09,24.1,1017.0,Normal
20.1,49,0.0,21.6,1016.0,Normal
30.0,66,0.26,23.0,1012.0,Normal
33.1,36,0.0,3.6,1018.0,Normal
29.0,58,1.21,5.8,1012.0,Normal
24.4,65,0.1,3.6,1018.0,Normal
27.3,37,0.43,6.1,1016.0,Normal
21.3,64,0.02,8.6,1031.0,Normal
30.1,35,0.0,6.5,1020.0,Normal
26.9,68,0.0,8.3,1010.0,Normal
28.2,41,0.0,10.4,1014.0,Normal
32.4,38,0.0,15.5,1011.0,Normal
23.3,44,0.0,6.1,1024.0,Normal
27.2,30,0.0,10.4,1011.0,Normal
20.2,68,0.0,7.6,1025.0,Normal
29.1,33,0.0,6.5,1013.0,Normal
32.4,63,0.28,21.2,1005.0,Normal
20.1,35,0.0,15.1,1013.0,Normal
32.1,38,0.0,6.8,1010.0,Normal
32.9,51,0.0,17.3,1009.0,Normal
25.3,34,0.0,6.8,1015.0,Normal
29.1,70,0.0,11.2,1015.0,Normal
33.3,53,0.0,17.6,1010.0,Normal
27.4,62,0.0,6.8,1016.0,Normal
30.9,37,0.02,14.4,1009.0,Normal
31.0,66,0.0,16.9,1016.0,Normal
21.4,57,2.88,14.4,1009.0,Normal
21.3,46,0.0,10.8,1019.0,Normal
30.4,59,0.0,5.0,1011.0,Normal
21.1,53,0.0,21.2,1021.0,Normal
22.4,61,0.0,24.5,1014.0,Normal
26.3,65,0.0,6.5,1013.0,Normal
30.1,70,0.07,13.0,1006.0,Normal
32.0,56,0.0,11.2,1003.0,Normal
20.1,43,0.0,16.6,1027.0,Normal
30.1,70,0.0,5.8,1008.0,Normal
31.1,66,0.0,11.5,998.0,Normal
25.2,59,0.0,9.4,1013.0,Normal
25.0,52,0.01,4.7,1013.0,Normal
20.1,68,0.0,15.8,1013.0,Normal
22.1,50,0.0,28.1,1005.0,Normal
31.2,63,0.0,15.8,1010.0,Normal
21.0,64,0.0,4.3,1023.0,Normal
22.2,57,0.0,15.8,1015.0,Normal
33.1,30,0.0,4.0,1016.0,Normal
33.1,59,0.04,16.9,1003.0,Normal
29.1,31,0.0,3.6,1016.0,Normal
31.6,59,0.32,10.1,1005.0,Normal
30.8,39,0.0,3.6,1012.0,Normal
28.0,58,0.0,18.7,1013.0,Normal
32.3,56,1.0,5.8,1010.0,Normal
21.6,43,0.0,11.5,1012.0,Normal
23.5,68,0.7,7.2,1012.0,Normal
23.8,30,0.0,13.3,1019.0,Normal
23.2,69,0.0,11.2,1016.0,Normal
23.0,69,0.02,6.8,1016.0,Normal
24.2,70,0.0,10.1,1015.0,Normal
22.1,46,0.0,8.3,1021.0,Normal
30.1,40,0.02,3.6,1020.0,Normal
28.1,47,0.0,3.6,1015.0,Normal
34.4,56,0.0,10.1,1007.0,Normal
22.3,65,0.0,3.6,1014.0,Normal
27.0,62,0.0,11.2,1018.0,Normal
31.3,59,0.0,11.2,1007.0,Normal
28.3,70,0.02,31.0,1013.0,Normal
32.3,46,0.0,6.8,1009.0,Normal
24.0,47,0.07,19.1,1023.0,Normal
24.1,69,0.14,3.6,1020.0,Normal
28.4,65,0.0,8.3,1014.0,Normal
27.6,68,0.0,14.8,1015.0,Normal
21.3,60,0.22,7.2,1014.0,Normal
30.2,70,0.0,9.7,1010.0,Normal
23.3,50,0.0,9.4,1019.0,Normal
31.4,64,0.0,10.8,1000.0,Normal
21.1,33,0.0,19.1,1022.0,Normal
34.1,56,0.0,19.8,1003.0,Normal
26.3,42,0.0,6.5,1013.0,Normal
29.0,66,0.39,19.1,1014.0,Normal
25.6,69,0.01,11.9,1014.0,Normal
29.1,70,0.0,19.1,1012.0,Normal
23.2,69,0.13,6.8,1024.0,Normal
30.1,38,0.0,13.3,1016.0,Normal
31.2,66,0.0,3.6,1008.0,Normal
29.2,45,0.0,7.2,1015.0,Normal
32.1,63,1.13,3.6,1005.0,Normal
26.2,61,0.0,11.2,1014.0,Normal
26.2,34,0.0,22.7,1013.0,Normal
22.1,65,0.0,22.7,1017.0,Normal
25.3,34,0.0,25.2,1016.0,Normal
20.1,46,0.0,23.0,1016.0,Normal
32.2,41,0.0,16.9,1015.0,Normal
24.4,31,0.0,12.2,1018.0,Normal
29.4,70,0.59,21.6,1006.0,Normal
22.9,39,0.0,10.1,1020.0,Normal
32.0,30,0.0,7.6,1005.0,Normal
28.3,42,0.0,9.0,1012.0,Normal
31.1,63,0.01,11.5,1008.0,Normal
20.2,35,0.0,14.0,1012.0,Normal
29.3,70,0.0,15.1,1009.0,Normal
32.4,36,0.0,34.9,1008.0,Normal
29.3,63,0.0,10.8,1008.0,Normal
21.2,69,0.01,25.9,1011.0,Normal
22.4,45,0.0,22.3,1014.0,Normal
25.2,54,0.01,3.6,1022.0,Normal
32.3,59,0.0,10.8,1009.0,Normal
26.0,48,0.0,11.5,1020.0,Normal
29.3,70,0.0,34.2,1011.0,Normal
31.3,38,0.0,6.5,1022.0,Normal
27.1,70,0.03,15.1,1014.0,Normal
25.0,65,0.21,17.3,1020.0,Normal
24.1,32,0.0,6.8,1016.0,Normal
28.2,42,0.0,6.8,1018.0,Normal
25.2,36,0.0,12.6,1018.0,Normal
24.2,57,0.0,16.6,1020.0,Normal
24.0,47,0.0,3.6,1025.0,Normal
23.6,37,0.0,9.0,1012.0,Normal
22.3,43,0.0,11.2,1018.0,Normal
22.1,57,0.2,10.1,1012.0,Normal
24.1,44,0.0,10.1,1018.0,Normal
30.0,31,0.0,4.3,1015.0,Normal
30.1,70,1.36,24.8,1011.0,Normal
25.0,65,0.05,24.1,1018.0,Normal
20.0,60,0.0,3.6,1017.0,Normal
29.3,48,0.0,7.2,1010.0,Normal
26.0,65,0.0,6.8,1015.0,Normal
22.1,35,0.0,3.6,1025.0,Normal
32.1,59,0.02,19.4,1009.0,Normal
28.2,66,0.0,22.7,1017.0,Normal
29.4,35,0.0,6.8,1013.0,Normal
28.3,70,0.0,3.6,1010.0,Normal
27.1,70,0.64,3.6,1014.0,Normal
24.3,54,0.16,10.1,1021.0,Normal
28.0,45,0.0,3.6,1016.0,Normal
23.3,69,2.55,4.7,1023.0,Normal
34.2,39,0.0,11.2,1012.0,Normal
33.2,32,0.0,7.6,1010.0,Normal
21.1,56,0.14,12.6,1026.0,Normal
22.2,53,0.06,9.0,1024.0,Normal
27.2,37,0.0,17.3,1018.0,Normal
32.9,65,0.0,10.8,994.0,Normal
28.4,62,0.0,21.6,1012.0,Normal
28.2,45,0.0,9.4,1022.0,Normal
28.3,70,0.02,11.5,1016.0,Normal
34.5,39,0.22,27.7,1007.0,Normal
22.0,44,0.0,12.2,1018.0,Normal
25.2,69,0.0,6.1,1018.0,Normal
20.0,64,0.0,25.9,1020.0,Normal
28.3,58,0.0,11.2,1011.0,Normal
32.3,63,0.0,3.6,1008.0,Normal
27.3,45,0.0,3.6,1011.0,Normal
28.3,55,0.0,29.9,1003.0,Normal
33.3,56,0.0,14.0,1001.0,Normal
24.7,69,0.05,19.4,1018.0,Normal
26.6,44,0.0,18.4,1011.0,Normal
21.3,38,0.0,6.1,1022.0,Normal
29.4,70,0.14,6.5,1013.0,Normal
21.1,53,0.0,9.4,1026.0,Normal
27.1,66,0.0,18.7,1008.0,Normal
25.3,57,0.0,10.1,1025.0,Normal
21.7,37,0.0,13.3,1022.0,Normal
31.1,66,0.0,8.3,1013.0,Normal
28.6,47,0.0,7.2,1014.0,Normal
23.2,53,0.0,14.8,1016.0,Normal
24.2,65,0.0,27.4,1015.0,Normal
21.2,67,0.0,4.0,1012.0,Normal
24.2,57,0.0,11.5,1015.0,Normal
27.2,58,0.0,17.3,1015.0,Normal
25.0,69,0.0,31.3,1016.0,Normal
20.0,68,0.0,6.8,1013.0,Normal
28.3,66,0.01,31.7,1013.0,Normal
25.6,50,0.01,13.7,1009.0,Normal
33.1,41,0.0,8.3,1008.0,Normal
32.4,41,0.0,21.2,1011.0,Normal
31.1,66,0.06,10.8,1006.0,Normal
21.1,69,0.0,11.2,1013.0,Normal
30.3,66,0.0,14.4,1013.0,Normal
28.8,69,0.02,15.1,1009.0,Normal
25.3,62,0.02,15.1,1019.0,Normal
29.3,66,0.02,3.6,1014.0,Normal
22.0,69,0.0,16.9,1016.0,Normal
26.9,66,0.0,27.0,1017.0,Normal
30.1,52,0.0,4.3,1014.0,Normal
30.4,62,2.17,5.4,1008.0,Normal
21.2,43,0.0,6.5,1023.0,Normal
21.3,49,0.02,9.0,1024.0,Normal
24.0,69,0.54,13.0,1016.0,Normal
30.4,33,0.0,12.6,1011.0,Normal
22.1,41,0.01,7.2,1019.0,Normal
30.0,62,1.3,13.3,1007.0,Normal
28.3,35,0.0,24.1,1015.0,Normal
32.7,52,0.1,7.2,1006.0,Normal
23.1,36,0.0,3.6,1019.0,Normal
25.0,47,0.13,15.1,1011.0,Normal
34.0,36,0.0,15.1,1004.0,Normal
29.0,54,0.0,7.6,1009.0,Normal
26.1,34,0.0,16.6,1015.0,Normal
26.1,70,0.0,5.0,1019.0,Normal
31.1,33,0.0,13.0,1015.0,Normal
23.2,36,0.0,20.5,1017.0,Normal
23.4,68,0.01,13.7,1013.0,Normal
22.1,35,0.0,7.9,1017.0,Normal
27.2,42,0.0,17.3,1015.0,Normal
33.1,46,0.12,16.2,1005.0,Normal
28.1,35,0.0,20.5,1007.0,Normal
22.2,50,0.0,25.6,1025.0,Normal
27.3,66,1.0,16.9,1011.0,Normal
30.0,66,0.0,11.2,1010.0,Normal
20.2,44,0.0,20.9,1017.0,Normal
24.2,54,0.0,20.9,1013.0,Normal
30.0,70,0.01,9.4,1014.0,Normal
25.2,41,0.0,9.0,1022.0,Normal
24.1,30,0.13,6.1,1012.0,Normal
21.1,53,0.0,7.9,1019.0,Normal
20.3,43,0.0,5.8,1022.0,Normal
30.6,32,0.06,11.9,1013.0,Normal
25.2,39,0.0,17.3,1019.0,Normal
33.3,58,1.87,11.2,1001.0,Normal
22.1,61,0.42,16.2,1023.0,Normal
31.2,63,0.0,5.8,1007.0,Normal
24.0,54,0.53,15.1,1023.0,Normal
29.2,45,0.0,9.0,1011.0,Normal
31.4,52,0.0,16.6,1011.0,Normal
31.9,55,0.0,3.6,1006.0,Normal
24.9,33,0.0,14.0,1016.0,Normal
25.5,56,0.0,7.2,1015.0,Normal
22.3,65,0.0,13.3,1023.0,Normal
28.5,40,0.0,20.9,1010.0,Normal
30.3,66,0.0,6.1,1012.0,Normal
27.3,62,0.0,15.1,1015.0,Normal
25.1,33,0.0,10.1,1020.0,Normal
27.2,66,0.0,7.9,1011.0,Normal
24.2,36,0.0,16.2,1024.0,Normal
27.2,42,0.0,22.3,1015.0,Normal
27.4,63,0.0,21.6,1012.0,Normal
20.3,64,0.0,18.4,1024.0,Normal
23.0,65,0.0,6.1,1011.0,Normal
24.1,36,0.0,9.0,1019.0,Normal
29.4,66,0.17,8.6,1011.0,Normal
28.1,48,0.0,3.6,1015.0,Normal
26.3,70,0.0,5.8,1012.0,Normal
31.2,33,0.0,5.8,1015.0,Normal
23.0,30,0.0,3.6,1019.0,Normal
33.4,32,0.0,3.6,1014.0,Normal
22.2,69,0.0,25.2,1023.0,Normal
23.4,47,0.0,10.8,1024.0,Normal
20.3,56,0.01,13.0,1011.0,Normal
27.3,70,0.0,22.7,1016.0,Normal
32.4,41,0.0,15.5,1009.0,Normal
20.4,60,0.0,10.1,1010.0,Normal
24.4,44,0.0,3.6,1018.0,Normal
24.8,39,0.0,9.4,1021.0,Normal
31.4,63,0.13,19.8,1004.0,Normal
28.1,39,0.0,15.5,1015.0,Normal
20.4,64,0.0,8.6,1021.0,Normal
28.4,37,0.0,15.1,1013.0,Normal
33.1,36,0.0,23.4,1002.0,Normal
27.3,66,0.0,5.4,1014.0,Normal
23.2,61,1.36,16.9,1010.0,Normal
26.0,48,0.54,24.1,1007.0,Normal
32.0,64,0.0,12.6,999.0,Normal
28.3,37,0.0,10.1,1016.0,Normal
30.3,43,0.0,20.9,1014.0,Normal
21.1,60,0.06,15.1,1015.0,Normal
32.0,63,0.0,10.4,1010.0,Normal
27.2,69,0.0,17.6,1010.0,Normal
22.3,65,0.0,33.1,1002.0,Normal
27.4,66,0.0,25.9,1013.0,Normal
24.3,47,0.0,3.6,1023.0,Normal
34.0,47,0.0,9.0,1015.0,Normal
34.4,53,0.06,4.3,998.0,Normal
31.3,63,0.0,5.4,1012.0,Normal
24.4,50,0.0,15.1,1012.0,Normal
25.3,47,0.0,6.8,1021.0,Normal
31.3,34,0.0,27.0,1004.0,Normal
22.5,45,0.0,24.1,1015.0,Normal
23.2,61,0.0,26.6,1016.0,Normal
25.8,53,0.01,14.4,1011.0,Normal
25.2,54,0.04,5.4,1017.0,Normal
26.3,58,0.0,16.6,1016.0,Normal
25.2,65,0.0,14.0,1021.0,Normal
27.0,39,0.0,16.9,1018.0,Normal
29.1,35,0.0,19.1,1021.0,Normal
23.4,65,0.0,24.8,1016.0,Normal
28.0,58,0.0,13.3,1013.0,Normal
30.4,49,0.0,8.3,1011.0,Normal
26.0,70,0.01,21.2,1018.0,Normal
21.3,60,0.01,7.9,1017.0,Normal
25.2,61,0.0,9.4,1015.0,Normal
20.2,56,0.0,6.5,1021.0,Normal
26.1,30,0.0,10.4,1017.0,Normal
28.1,70,0.0,20.9,1015.0,Normal
21.5,43,0.0,16.6,1010.0,Normal
27.4,51,0.0,9.7,1016.0,Normal
23.0,47,0.0,6.1,1010.0,Normal
30.3,56,0.0,6.5,1013.0,Normal
27.3,32,0.0,6.8,1017.0,Normal
29.0,55,0.0,13.7,1011.0,Normal
21.1,64,0.0,10.4,1012.0,Normal
31.3,66,0.06,28.4,1015.0,Normal
22.1,61,0.0,23.4,1016.0,Normal
32.9,62,0.0,4.3,998.0,Normal
22.2,57,0.0,23.0,1018.0,Normal
23.5,30,0.01,14.4,1016.0,Normal
31.3,66,0.0,7.6,1010.0,Normal
28.3,51,0.0,9.7,1020.0,Normal
25.4,44,0.0,19.1,1017.0,Normal
31.0,52,0.0,3.6,1010.0,Normal
22.1,50,0.0,25.2,1015.0,Normal
26.1,70,0.0,10.8,1011.0,Normal
32.3,43,0.0,15.5,1018.0,Normal
26.3,48,0.24,15.8,1016.0,Normal
24.2,68,0.01,8.3,1019.0,Normal
34.1,60,0.0,10.1,1001.0,Normal
31.2,43,0.0,12.6,1011.0,Normal
30.3,63,0.0,6.5,1012.0,Normal
25.5,43,0.0,7.2,1013.0,Normal
23.9,52,0.01,16.6,1016.0,Normal
27.3,32,0.0,13.7,1011.0,Normal
26.0,48,0.0,9.0,1016.0,Normal
30.3,66,0.03,3.6,1008.0,Normal
23.2,50,0.0,16.9,1019.0,Normal
22.1,65,0.0,7.9,1021.0,Normal
27.2,70,0.0,13.0,1016.0,Normal
27.0,69,0.0,22.7,1018.0,Normal
21.3,38,0.0,13.0,1017.0,Normal
31.1,63,0.15,16.9,1013.0,Normal
28.0,62,0.0,16.9,1011.0,Normal
27.3,51,0.02,12.2,998.0,Normal
30.3,62,0.0,23.8,1013.0,Normal
25.2,41,0.0,7.6,1016.0,Normal
23.3,34,0.0,6.8,1006.0,Normal
25.3,56,0.0,3.6,1013.0,Normal
29.1,69,0.0,8.3,1010.0,Normal
30.2,43,0.0,28.8,1011.0,Normal
24.0,57,0.0,3.6,1017.0,Normal
29.2,66,0.0,27.0,1015.0,Normal
31.2,63,0.72,13.7,1007.0,Normal
22.1,43,0.0,4.7,1010.0,Normal
26.3,61,0.0,19.4,1015.0,Normal
22.1,31,0.0,16.9,1014.0,Normal
29.0,70,0.0,22.0,1009.0,Normal
28.3,66,0.0,6.8,1016.0,Normal
26.2,65,0.0,16.9,1017.0,Normal
30.0,70,0.04,21.2,1018.0,Normal
22.2,57,0.0,7.6,1026.0,Normal
28.1,42,0.0,31.3,1011.0,Normal
30.0,31,0.0,19.8,1012.0,Normal
32.1,56,0.05,9.0,1008.0,Normal
23.5,40,0.0,11.5,1012.0,Normal
34.3,30,0.11,13.7,1006.0,Normal
24.0,69,0.01,22.0,1011.0,Normal
25.6,65,0.08,21.2,1016.0,Normal
23.0,53,0.0,12.6,1023.0,Normal
24.3,50,0.0,16.2,1013.0,Normal
31.1,63,0.0,21.2,1014.0,Normal
22.1,43,0.0,3.6,1023.0,Normal
22.0,65,0.0,6.5,1013.0,Normal
31.2,66,0.01,13.7,1007.0,Normal
29.0,40,0.02,15.5,1013.0,Normal
24.3,52,0.0,26.3,1017.0,Normal
23.0,65,0.0,18.4,1017.0,Normal
27.7,62,0.01,11.9,1012.0,Normal
32.1,32,0.0,8.3,1011.0,Normal
31.3,52,0.0,14.8,1012.0,Normal
20.3,49,0.0,14.4,1022.0,Normal
30.0,70,0.03,22.0,1016.0,Normal
23.4,41,0.0,12.6,1011.0,Normal
25.3,54,0.0,5.8,1021.0,Normal
31.2,66,0.2,9.4,1009.0,Normal
26.2,51,0.0,15.1,1014.0,Normal
25.1,51,0.0,21.6,1020.0,Normal
22.9,32,0.0,3.6,1012.0,Normal
27.2,42,0.0,5.8,1005.0,Normal
21.1,35,0.0,3.6,1016.0,Normal
24.1,34,0.0,31.0,1017.0,Normal
27.1,66,0.0,6.8,1013.0,Normal
33.8,50,0.0,15.1,1006.0,Normal
32.4,36,0.0,9.0,1011.0,Normal
33.1,53,0.0,15.1,1015.0,Normal
29.2,68,0.45,13.3,1008.0,Normal
33.4,49,0.0,21.2,1012.0,Normal
24.6,36,0.0,14.8,1015.0,Normal
29.4,67,0.43,9.4,1013.0,Normal
20.2,56,0.0,21.6,1021.0,Normal
29.2,31,0.0,3.6,1017.0,Normal
24.4,66,0.0,12.6,1013.0,Normal
28.0,68,0.0,22.7,1014.0,Normal
29.4,67,0.03,9.4,1012.0,Normal
26.0,58,0.0,13.3,1019.0,Normal
29.3,58,0.0,7.6,1014.0,Normal
31.2,31,0.0,6.5,1019.0,Normal
22.0,43,0.0,5.0,1018.0,Normal
28.3,57,0.0,10.8,1014.0,Normal
26.5,52,0.0,3.6,1011.0,Normal
22.0,53,0.0,9.4,1025.0,Normal
23.1,39,0.0,16.2,1013.0,Normal
25.1,39,0.0,15.1,1020.0,Normal
29.0,66,0.15,6.5,1008.0,Normal
21.1,53,0.0,16.2,1021.0,Normal
28.2,64,0.0,12.2,1008.0,Normal
24.2,50,0.0,4.3,1027.0,Normal
24.2,61,0.0,3.6,1020.0,Normal
24.2,57,0.0,11.2,1021.0,Normal
35.0,32,0.0,25.9,1001.0,Normal
23.0,31,0.0,22.0,1010.0,Normal
27.2,48,0.01,4.7,1010.0,Normal
24.3,65,0.0,30.2,1013.0,Normal
25.0,61,0.0,3.6,1017.0,Normal
23.0,41,0.0,9.7,1017.0,Normal
22.2,43,0.0,12.6,1026.0,Normal
24.3,57,0.0,3.6,1017.0,Normal
30.4,55,0.06,11.2,1011.0,Normal
28.1,48,0.0,5.8,1013.0,Normal
30.6,30,0.0,16.2,1016.0,Normal
26.0,54,0.0,6.1,1020.0,Normal
21.1,52,0.0,7.2,1008.0,Normal
23.0,50,0.0,6.8,1012.0,Normal
28.1,70,0.0,34.9,1012.0,Normal
32.1,67,0.55,3.6,1003.0,Normal
25.6,59,0.03,7.9,1006.0,Normal
24.1,69,0.0,4.3,1022.0,Normal
33.1,53,0.0,12.2,1014.0,Normal
30.9,58,0.0,4.0,1011.0,Normal
27.7,63,0.02,11.2,1010.0,Normal
22.1,69,0.0,11.9,1015.0,Normal
24.6,39,0.09,6.5,1012.0,Normal
24.1,30,0.0,8.3,1020.0,Normal
23.2,48,0.0,18.7,1011.0,Normal
31.0,63,0.0,11.5,1008.0,Normal
20.4,64,0.44,3.6,1011.0,Normal
26.8,48,0.0,17.3,1014.0,Normal
30.1,62,0.0,5.0,1014.0,Normal
24.1,57,0.11,3.6,1014.0,Normal
28.3,62,0.0,28.8,1016.0,Normal
26.0,70,0.0,4.7,1007.0,Normal
28.2,70,0.08,10.4,1007.0,Normal
33.0,32,0.0,20.2,1010.0,Normal
32.8,34,0.0,5.0,1010.0,Normal
27.1,58,0.21,5.8,1015.0,Normal
28.2,55,0.0,16.2,1017.0,Normal
26.0,48,0.0,3.6,1020.0,Normal
29.2,33,0.0,5.0,1021.0,Normal
25.4,53,0.0,16.6,1014.0,Normal
34.0,41,0.0,34.9,1003.0,Normal
27.0,66,0.0,10.1,1015.0,Normal
26.1,34,0.0,13.7,1017.0,Normal
29.3,58,0.0,7.9,1008.0,Normal
21.9,45,0.0,11.2,1015.0,Normal
26.1,61,0.0,8.6,1016.0,Normal
34.1,47,0.0,17.3,1006.0,Normal
23.2,69,0.0,22.0,1010.0,Normal
22.1,57,0.0,6.1,1025.0,Normal
22.4,50,0.0,9.7,1014.0,Normal
32.1,59,0.87,15.1,1008.0,Normal
28.9,58,0.0,21.2,1008.0,Normal
29.0,70,0.0,31.3,1012.0,Normal
27.2,32,0.0,15.1,1020.0,Normal
29.1,70,0.0,17.6,1016.0,Normal
29.1,48,0.0,9.0,1009.0,Normal
30.3,70,0.0,23.8,1009.0,Normal
22.3,63,0.0,3.6,1013.0,Normal
33.6,55,1.17,5.0,998.0,Normal
31.2,36,0.0,22.0,1011.0,Normal
25.1,54,0.0,7.2,1015.0,Normal
26.1,45,0.0,17.3,1012.0,Normal
24.2,39,0.0,8.6,1026.0,Normal
26.2,32,0.0,12.2,1015.0,Normal
28.0,62,0.0,33.1,1014.0,Normal
30.4,66,0.01,22.0,1009.0,Normal
21.1,53,0.0,4.0,1019.0,Normal
25.4,34,0.0,3.6,1021.0,Normal
21.9,45,0.04,5.0,1015.0,Normal
25.3,68,0.01,27.0,1019.0,Normal
22.0,53,0.0,21.6,1016.0,Normal
32.2,63,0.0,16.2,1008.0,Normal
32.3,67,0.05,8.6,1006.0,Normal
22.1,38,0.01,11.9,1017.0,Normal
27.0,34,0.0,5.8,1016.0,Normal
28.1,62,0.0,10.8,1008.0,Normal
28.9,52,0.0,6.1,1011.0,Normal
29.1,48,0.0,5.0,1013.0,Normal
28.4,70,0.0,13.7,1015.0,Normal
22.7,65,0.0,25.9,1011.0,Normal
25.3,69,0.04,43.2,1018.0,Normal
21.9,48,0.01,13.7,1022.0,Normal
30.3,62,0.0,7.2,1011.0,Normal
26.6,59,0.02,21.2,1018.0,Normal
23.3,53,0.0,5.4,1021.0,Normal
24.9,47,0.0,4.3,1008.0,Normal
34.1,60,0.0,8.3,1008.0,Normal
24.0,61,0.0,20.2,1016.0,Normal
25.3,61,0.02,16.9,1018.0,Normal
24.7,68,0.19,28.8,1012.0,Normal
25.4,61,0.39,8.6,1014.0,Normal
29.2,70,0.01,13.0,1010.0,Normal
20.1,53,0.06,24.5,1015.0,Normal
30.2,70,0.0,9.0,1013.0,Normal
23.0,58,0.0,12.2,1015.0,Normal
20.3,68,0.0,10.1,1013.0,Normal
28.1,62,0.0,6.8,1013.0,Normal
22.0,61,0.0,4.0,1006.0,Normal
33.3,39,0.0,19.1,1011.0,Normal
33.1,41,0.0,5.8,1005.0,Normal
30.2,45,0.0,27.0,1011.0,Normal
23.3,69,0.0,19.4,1018.0,Normal
29.0,45,0.0,7.9,1019.0,Normal
26.3,51,0.0,3.6,1016.0,Normal
21.1,46,0.0,6.8,1024.0,Normal
21.9,51,0.0,3.6,1017.0,Normal
21.6,33,0.0,15.8,1020.0,Normal
29.0,70,0.0,19.1,1008.0,Normal
26.3,65,0.03,6.1,1012.0,Normal
32.1,67,0.63,6.5,1005.0,Normal
30.3,35,0.0,11.5,1012.0,Normal
27.9,70,0.02,8.3,1007.0,Normal
27.8,61,0.0,32.0,1014.0,Normal
26.1,59,0.0,10.4,1013.0,Normal
25.3,69,0.0,28.1,1014.0,Normal
20.0,60,0.0,7.9,1023.0,Normal
30.0,55,0.0,5.8,1009.0,Normal
26.2,69,0.01,18.4,1015.0,Normal
30.1,49,0.0,15.1,1013.0,Normal
32.1,59,0.1,18.0,1007.0,Normal
29.1,70,0.23,15.1,1015.0,Normal
22.6,51,0.0,4.0,1011.0,Normal
24.1,47,0.0,12.6,1011.0,Normal
22.3,55,0.0,16.9,1017.0,Normal
26.0,70,0.0,3.6,1018.0,Normal
34.0,56,0.0,14.4,1006.0,Normal
31.0,36,0.0,10.1,1008.0,Normal
26.2,58,0.0,16.9,1019.0,Normal
32.1,63,0.0,13.7,1003.0,Normal
29.2,70,0.01,16.2,1014.0,Normal
27.3,62,0.01,23.0,1017.0,Normal
33.3,57,0.92,19.4,1003.0,Normal
20.3,56,0.0,16.2,1011.0,Normal
22.1,69,0.01,7.2,1026.0,Normal
22.0,33,0.05,15.1,1010.0,Normal
30.3,62,0.0,16.9,1014.0,Normal
20.0,60,0.0,19.1,1015.0,Normal
22.5,36,0.0,9.4,1021.0,Normal
25.3,59,0.01,10.8,1012.0,Normal
26.7,46,0.0,10.4,1011.0,Normal
31.3,63,2.11,13.0,1009.0,Normal
29.0,40,0.0,3.6,1015.0,Normal
21.6,68,0.0,6.8,1010.0,Normal
20.7,62,0.01,18.0,1020.0,Normal
31.9,54,0.0,22.7,1012.0,Normal
32.2,67,0.08,10.1,1010.0,Normal
26.0,61,0.0,4.3,1011.0,Normal
23.3,61,0.0,6.5,1013.0,Normal
26.1,70,0.0,19.1,1012.0,Normal
24.0,61,0.0,14.0,1023.0,Normal
28.4,58,0.0,15.1,1021.0,Normal
28.3,55,0.0,10.1,1017.0,Normal
24.2,50,0.0,5.8,1017.0,Normal
31.2,63,0.0,14.0,1012.0,Normal
26.0,37,0.0,15.1,1021.0,Normal
31.3,59,0.0,18.4,1008.0,Normal
27.4,64,0.0,22.7,1014.0,Normal
26.1,43,0.0,17.3,1013.0,Normal
24.0,54,0.0,3.6,1026.0,Normal
22.3,65,0.48,10.4,1011.0,Normal
23.4,61,0.0,33.1,1016.0,Normal
23.2,69,0.0,11.5,1019.0,Normal
24.0,44,0.0,29.9,1017.0,Normal
28.4,51,0.04,17.6,1015.0,Normal
20.2,37,0.0,15.1,1025.0,Normal
29.3,70,0.08,3.6,1007.0,Normal
30.2,62,0.0,11.2,1009.0,Normal
29.2,55,0.0,22.0,1015.0,Normal
27.4,54,0.0,6.1,1012.0,Normal
23.3,41,0.0,19.1,1011.0,Normal
23.2,38,0.0,25.2,1017.0,Normal
26.0,58,0.21,15.1,1010.0,Normal
31.2,36,0.0,16.9,1011.0,Normal
30.2,59,0.0,4.7,1012.0,Normal
30.1,70,0.0,16.9,1010.0,Normal
24.1,54,0.0,3.6,1016.0,Normal
27.4,58,0.0,25.2,1017.0,Normal
24.4,54,0.0,17.3,1010.0,Normal
29.0,70,0.14,10.1,1010.0,Normal
29.1,43,0.0,4.0,1011.0,Normal
27.5,59,0.0,23.0,1017.0,Normal
21.4,35,0.0,24.1,1014.0,Normal
31.2,62,1.09,12.2,1000.0,Normal
21.1,50,0.19,11.5,1004.0,Normal
25.1,44,0.0,11.2,1009.0,Normal
30.8,65,0.0,13.0,1010.0,Normal
27.2,39,0.0,6.5,1011.0,Normal
30.1,70,0.0,9.0,1013.0,Normal
22.2,65,0.0,3.6,1020.0,Normal
28.2,58,0.0,18.0,1011.0,Normal
20.3,68,0.0,13.3,1016.0,Normal
22.8,38,0.0,3.6,1028.0,Normal
30.1,33,0.0,24.1,1018.0,Normal
31.2,36,0.0,15.1,1014.0,Normal
29.1,40,0.0,11.2,1017.0,Normal
26.5,58,0.18,3.6,1012.0,Normal
28.9,33,0.0,6.8,1014.0,Normal
27.3,66,0.01,25.9,1016.0,Normal
30.5,38,0.04,12.6,1011.0,Normal
23.8,42,0.0,4.7,1008.0,Normal
23.1,65,0.0,10.8,1016.0,Normal
31.5,69,0.0,19.4,999.0,Normal
29.9,35,0.0,19.4,999.0,Normal
33.0,59,1.08,6.5,1007.0,Normal
20.4,46,0.0,22.3,1012.0,Normal
22.1,50,0.0,6.1,1020.0,Normal
28.2,37,0.0,16.9,1016.0,Normal
28.0,40,0.03,28.1,1017.0,Normal
31.0,52,0.04,20.9,1013.0,Normal
20.1,52,0.17,9.4,1001.0,Normal
23.1,53,0.0,9.4,1025.0,Normal
